date,analysis_id,player_id,game_pk,market,predicted_probability,actual_result,has_hit,sportsbook_odds,sportsbook_implied_probability,batter_avg,batter_obp,batter_slg,batter_ops,batter_xba,batter_xwoba,batter_k_rate,batter_bb_rate,batter_hard_hit_rate,batter_vs_pitcher_hand_rate,recent5_hit_rate,recent5_hits_per_game,recent5_hr_rate,pitcher_avg_allowed,pitcher_whip,pitcher_k_rate,pitcher_bb_rate,pitcher_xba_allowed,pitcher_xwoba_allowed,pitcher_hard_hit_allowed,pitcher_throws_left,lineup_slot,projected_abs,is_home,park_hit_factor,weather_temp_f,weather_precip_pct,opponent_defense_oaa,opponent_fielding_pct,contact_quality_matchup,hitter_team_win_probability,opponent_team_win_probability,win_probability_gap,hitter_team_is_favorite,hitter_team_is_underdog,hitter_team_implied_runs,opponent_team_implied_runs,game_total_runs,run_total_gap,hitter_team_share_of_total_runs,game_competitiveness_score,blowout_risk_score,offensive_suppression_risk,offensive_support_score,hit_context_boost,hit_context_penalty,expected_plate_appearance_environment,hitter_team_run_support_index
2026-04-21,701762-823149-1776746747756,701762,823149,hit,0.6402224888232856,1,1,,,,,,,,,,,,,,,,,,,,,,,,,,,,,,,,,,,,,,,,,,,,,,,,,,
2026-04-21,701762-823149-1776747229727,701762,823149,hit,0.6402224888232856,1,1,,,,,,,,,,,,,,,,,,,,,,,,,,,,,,,,,,,,,,,,,,,,,,,,,,
2026-04-22,677951-824127-1776746595474,677951,824127,hit,0.7340329914122037,1,1,,,,,,,,,,,,,,,,,,,,,,,,,,,,,,,,,,,,,,,,,,,,,,,,,,
2026-04-22,701762-823148-1776746731040,701762,823148,hit,0.5768578870167809,1,1,,,,,,,,,,,,,,,,,,,,,,,,,,,,,,,,,,,,,,,,,,,,,,,,,,
2026-04-22,701762-823148-1776747216130,701762,823148,hit,0.5768578870167809,1,1,,,,,,,,,,,,,,,,,,,,,,,,,,,,,,,,,,,,,,,,,,,,,,,,,,
2026-04-22,701762-823148-1776747239531,701762,823148,hit,0.5768578870167809,1,1,,,,,,,,,,,,,,,,,,,,,,,,,,,,,,,,,,,,,,,,,,,,,,,,,,
2026-04-22,701762-823148-1776747677663,701762,823148,hit,0.5768578870167809,1,1,,,,,,,,,,,,,,,,,,,,,,,,,,,,,,,,,,,,,,,,,,,,,,,,,,
2026-04-22,701762-823148-1776747943610,701762,823148,hit,0.5768578870167809,1,1,,,,,,,,,,,,,,,,,,,,,,,,,,,,,,,,,,,,,,,,,,,,,,,,,,
2026-04-22,679845-824127-1776747965066,679845,824127,hit,0.5299875373649886,0,0,,,,,,,,,,,,,,,,,,,,,,,,,,,,,,,,,,,,,,,,,,,,,,,,,,
2026-04-22,670541-824448-1776748106347,670541,824448,hit,0.739798045504835,1,1,,,,,,,,,,,,,,,,,,,,,,,,,,,,,,,,,,,,,,,,,,,,,,,,,,
2026-04-22,701762-823148-1776748822658,701762,823148,hit,0.5768578870167809,1,1,,,,,,,,,,,,,,,,,,,,,,,,,,,,,,,,,,,,,,,,,,,,,,,,,,
2026-04-22,680757-824448-1776749079180,680757,824448,hit,0.6634388035980515,1,1,,,,,,,,,,,,,,,,,,,,,,,,,,,,,,,,,,,,,,,,,,,,,,,,,,
2026-04-22,641857-824773-1776749227618,641857,824773,hit,0.33354312016816445,0,0,,,,,,,,,,,,,,,,,,,,,,,,,,,,,,,,,,,,,,,,,,,,,,,,,,
2026-04-22,592450-824773-1776749262021,592450,824773,hit,0.5651845653039751,1,1,,,,,,,,,,,,,,,,,,,,,,,,,,,,,,,,,,,,,,,,,,,,,,,,,,
2026-04-22,682829-822995-1776749332643,682829,822995,hit,0.7309454797529551,1,1,,,,,,,,,,,,,,,,,,,,,,,,,,,,,,,,,,,,,,,,,,,,,,,,,,
2026-04-22,701398-822995-1776749859388,701398,822995,hit,0.673515189865996,1,1,,,,,,,,,,,,,,,,,,,,,,,,,,,,,,,,,,,,,,,,,,,,,,,,,,
2026-04-22,592450-824773-1776750009189,592450,824773,hit,0.5651845653039751,1,1,,,,,,,,,,,,,,,,,,,,,,,,,,,,,,,,,,,,,,,,,,,,,,,,,,
2026-04-22,641355-824773-1776750272260,641355,824773,hit,0.5729518185850611,1,1,,,,,,,,,,,,,,,,,,,,,,,,,,,,,,,,,,,,,,,,,,,,,,,,,,
2026-04-22,660271-823236-1776750778544,660271,823236,hit,0.6514669354920082,1,1,,,,,,,,,,,,,,,,,,,,,,,,,,,,,,,,,,,,,,,,,,,,,,,,,,
2026-04-22,592450-824773-1776750847684,592450,824773,hit,0.5651845653039751,1,1,,,,,,,,,,,,,,,,,,,,,,,,,,,,,,,,,,,,,,,,,,,,,,,,,,
2026-04-22,663538-824690-1776751755005,663538,824690,hit,0.8033868179539181,1,1,,,,,,,,,,,,,,,,,,,,,,,,,,,,,,,,,,,,,,,,,,,,,,,,,,
2026-04-22,700250-824773-1776786503295,700250,824773,hit,0.6671488946392359,0,0,,,,,,,,,,,,,,,,,,,,,,,,,,,,,,,,,,,,,,,,,,,,,,,,,,
2026-04-22,700250-824773-1776786595621,700250,824773,hit,0.6671488946392359,0,0,,,,,,,,,,,,,,,,,,,,,,,,,,,,,,,,,,,,,,,,,,,,,,,,,,
2026-04-22,592450-824773-1776786920465,592450,824773,hit,0.5651845653039751,1,1,,,,,,,,,,,,,,,,,,,,,,,,,,,,,,,,,,,,,,,,,,,,,,,,,,
2026-04-22,592450-824773-1776787311860,592450,824773,hit,0.5651845653039751,1,1,,,,,,,,,,,,,,,,,,,,,,,,,,,,,,,,,,,,,,,,,,,,,,,,,,
2026-04-22,592450-824773-1776787452475,592450,824773,hit,0.5651845653039751,1,1,,,,,,,,,,,,,,,,,,,,,,,,,,,,,,,,,,,,,,,,,,,,,,,,,,
2026-04-22,805808-824290-1776789090073,805808,824290,hit,0.7274937798411505,1,1,,,,,,,,,,,,,,,,,,,,,,,,,,,,,,,,,,,,,,,,,,,,,,,,,,
2026-04-22,686217-824290-1776789206700,686217,824290,hit,0.5187907957701198,1,1,,,,,,,,,,,,,,,,,,,,,,,,,,,,,,,,,,,,,,,,,,,,,,,,,,
2026-04-22,700250-824773-1776789280488,700250,824773,hit,0.6671488946392359,0,0,,,,,,,,,,,,,,,,,,,,,,,,,,,,,,,,,,,,,,,,,,,,,,,,,,
2026-04-22,641355-824773-1776789301436,641355,824773,hit,0.5729518185850611,1,1,,,,,,,,,,,,,,,,,,,,,,,,,,,,,,,,,,,,,,,,,,,,,,,,,,
2026-04-22,621439-823640-1776789332727,621439,823640,hit,0.639019452300299,1,1,,,,,,,,,,,,,,,,,,,,,,,,,,,,,,,,,,,,,,,,,,,,,,,,,,
2026-04-22,543760-823640-1776789358155,543760,823640,hit,0.5307510956108736,0,0,,,,,,,,,,,,,,,,,,,,,,,,,,,,,,,,,,,,,,,,,,,,,,,,,,
2026-04-22,592450-824773-1776789495715,592450,824773,hit,0.5651845653039751,1,1,,,,,,,,,,,,,,,,,,,,,,,,,,,,,,,,,,,,,,,,,,,,,,,,,,
2026-04-22,592450-824773-1776806204009,592450,824773,hit,0.6169488857965783,1,1,,,,,,,,,,,,,,,,,,,,,,,,,,,,,,,,,,,,,,,,,,,,,,,,,,
2026-04-22,669065-823880-1776806261227,669065,823880,hit,0.8875970700563922,0,0,,,,,,,,,,,,,,,,,,,,,,,,,,,,,,,,,,,,,,,,,,,,,,,,,,
2026-04-22,807799-824773-1776806302515,807799,824773,hit,0.7854877924260123,0,0,,,,,,,,,,,,,,,,,,,,,,,,,,,,,,,,,,,,,,,,,,,,,,,,,,
2026-04-22,700250-824773-1776806300649,700250,824773,hit,0.7510603096006938,0,0,,,,,,,,,,,,,,,,,,,,,,,,,,,,,,,,,,,,,,,,,,,,,,,,,,
2026-04-22,575929-824773-1776806302419,575929,824773,hit,0.7268440863519798,1,1,,,,,,,,,,,,,,,,,,,,,,,,,,,,,,,,,,,,,,,,,,,,,,,,,,
2026-04-22,677800-824773-1776806302913,677800,824773,hit,0.7060190521707641,0,0,,,,,,,,,,,,,,,,,,,,,,,,,,,,,,,,,,,,,,,,,,,,,,,,,,
2026-04-22,701350-824773-1776806302444,701350,824773,hit,0.7031337901076414,0,0,,,,,,,,,,,,,,,,,,,,,,,,,,,,,,,,,,,,,,,,,,,,,,,,,,
2026-04-22,678882-824773-1776806304919,678882,824773,hit,0.680353019054266,1,1,,,,,,,,,,,,,,,,,,,,,,,,,,,,,,,,,,,,,,,,,,,,,,,,,,
2026-04-22,596115-824773-1776806302605,596115,824773,hit,0.6650434994901038,0,0,,,,,,,,,,,,,,,,,,,,,,,,,,,,,,,,,,,,,,,,,,,,,,,,,,
2026-04-22,642708-824773-1776806300490,642708,824773,hit,0.620272501002804,0,0,,,,,,,,,,,,,,,,,,,,,,,,,,,,,,,,,,,,,,,,,,,,,,,,,,
2026-04-22,592450-824773-1776806298549,592450,824773,hit,0.6169488857965783,1,1,,,,,,,,,,,,,,,,,,,,,,,,,,,,,,,,,,,,,,,,,,,,,,,,,,
2026-04-22,641355-824773-1776806300435,641355,824773,hit,0.6151573235456309,1,1,,,,,,,,,,,,,,,,,,,,,,,,,,,,,,,,,,,,,,,,,,,,,,,,,,
2026-04-22,702332-824773-1776806302382,702332,824773,hit,0.5437253238856212,0,0,,,,,,,,,,,,,,,,,,,,,,,,,,,,,,,,,,,,,,,,,,,,,,,,,,
2026-04-22,691785-824773-1776806303879,691785,824773,hit,0.5256687124729464,1,1,,,,,,,,,,,,,,,,,,,,,,,,,,,,,,,,,,,,,,,,,,,,,,,,,,
2026-04-22,665966-824773-1776806302537,665966,824773,hit,0.5139623382134776,1,1,,,,,,,,,,,,,,,,,,,,,,,,,,,,,,,,,,,,,,,,,,,,,,,,,,
2026-04-22,676609-824773-1776806301383,676609,824773,hit,0.5095101815964647,1,1,,,,,,,,,,,,,,,,,,,,,,,,,,,,,,,,,,,,,,,,,,,,,,,,,,
2026-04-22,669224-824773-1776806300939,669224,824773,hit,0.4042068142297297,1,1,,,,,,,,,,,,,,,,,,,,,,,,,,,,,,,,,,,,,,,,,,,,,,,,,,
2026-04-22,545341-824773-1776806301426,545341,824773,hit,0.39427362613913564,1,1,,,,,,,,,,,,,,,,,,,,,,,,,,,,,,,,,,,,,,,,,,,,,,,,,,
2026-04-22,519317-824773-1776806301419,519317,824773,hit,0.37697720807331214,1,1,,,,,,,,,,,,,,,,,,,,,,,,,,,,,,,,,,,,,,,,,,,,,,,,,,
2026-04-22,665862-824773-1776806301932,665862,824773,hit,0.331103519231678,1,1,,,,,,,,,,,,,,,,,,,,,,,,,,,,,,,,,,,,,,,,,,,,,,,,,,
2026-04-22,670541-824448-1776806329345,670541,824448,hit,0.7902721583053022,1,1,,,,,,,,,,,,,,,,,,,,,,,,,,,,,,,,,,,,,,,,,,,,,,,,,,
2026-04-22,608070-824448-1776806329266,608070,824448,hit,0.7479083282554485,1,1,,,,,,,,,,,,,,,,,,,,,,,,,,,,,,,,,,,,,,,,,,,,,,,,,,
2026-04-22,677587-824448-1776806329248,677587,824448,hit,0.7103679559736705,1,1,,,,,,,,,,,,,,,,,,,,,,,,,,,,,,,,,,,,,,,,,,,,,,,,,,
2026-04-22,682177-824448-1776806329201,682177,824448,hit,0.7083349246243251,1,1,,,,,,,,,,,,,,,,,,,,,,,,,,,,,,,,,,,,,,,,,,,,,,,,,,
2026-04-22,680757-824448-1776806329133,680757,824448,hit,0.6950942573488263,1,1,,,,,,,,,,,,,,,,,,,,,,,,,,,,,,,,,,,,,,,,,,,,,,,,,,
2026-04-22,514888-824448-1776806329286,514888,824448,hit,0.6854615356256959,0,0,,,,,,,,,,,,,,,,,,,,,,,,,,,,,,,,,,,,,,,,,,,,,,,,,,
2026-04-22,621043-824448-1776806330015,621043,824448,hit,0.6784083980968834,1,1,,,,,,,,,,,,,,,,,,,,,,,,,,,,,,,,,,,,,,,,,,,,,,,,,,
2026-04-22,682657-824448-1776806329309,682657,824448,hit,0.6772391329081942,1,1,,,,,,,,,,,,,,,,,,,,,,,,,,,,,,,,,,,,,,,,,,,,,,,,,,
2026-04-22,671655-824448-1776806329191,671655,824448,hit,0.6749284942322646,1,1,,,,,,,,,,,,,,,,,,,,,,,,,,,,,,,,,,,,,,,,,,,,,,,,,,
2026-04-22,800050-824448-1776806329185,800050,824448,hit,0.6072102528854147,1,1,,,,,,,,,,,,,,,,,,,,,,,,,,,,,,,,,,,,,,,,,,,,,,,,,,
2026-04-22,700932-824448-1776806329336,700932,824448,hit,0.5933039172716177,1,1,,,,,,,,,,,,,,,,,,,,,,,,,,,,,,,,,,,,,,,,,,,,,,,,,,
2026-04-22,701358-824448-1776806329680,701358,824448,hit,0.5867754338421318,1,1,,,,,,,,,,,,,,,,,,,,,,,,,,,,,,,,,,,,,,,,,,,,,,,,,,
2026-04-22,595978-824448-1776806329106,595978,824448,hit,0.5725877418575421,1,1,,,,,,,,,,,,,,,,,,,,,,,,,,,,,,,,,,,,,,,,,,,,,,,,,,
2026-04-22,572233-824448-1776806329349,572233,824448,hit,0.5518569917489745,0,0,,,,,,,,,,,,,,,,,,,,,,,,,,,,,,,,,,,,,,,,,,,,,,,,,,
2026-04-22,670623-824448-1776806329486,670623,824448,hit,0.5206814308748648,1,1,,,,,,,,,,,,,,,,,,,,,,,,,,,,,,,,,,,,,,,,,,,,,,,,,,
2026-04-22,673237-824448-1776806329373,673237,824448,hit,0.4860458978111333,1,1,,,,,,,,,,,,,,,,,,,,,,,,,,,,,,,,,,,,,,,,,,,,,,,,,,
2026-04-22,687957-824448-1776806329339,687957,824448,hit,0.38450514053774265,0,0,,,,,,,,,,,,,,,,,,,,,,,,,,,,,,,,,,,,,,,,,,,,,,,,,,
2026-04-22,694728-824448-1776806329543,694728,824448,hit,0.3438650306724602,1,1,,,,,,,,,,,,,,,,,,,,,,,,,,,,,,,,,,,,,,,,,,,,,,,,,,
2026-04-22,670541-824448-1776806347353,670541,824448,hit,0.7902721583053022,1,1,,,,,,,,,,,,,,,,,,,,,,,,,,,,,,,,,,,,,,,,,,,,,,,,,,
2026-04-22,592450-824773-1776806457808,592450,824773,home_run,0.27845193867214335,0,,,,,,,,,,,,,,,,,,,,,,,,,,,,,,,,,,,,,,,,,,,,,,,,,,,
2026-04-22,700250-824773-1776806457808,700250,824773,home_run,0.2693297214104863,0,,,,,,,,,,,,,,,,,,,,,,,,,,,,,,,,,,,,,,,,,,,,,,,,,,,
2026-04-22,575929-824773-1776806457806,575929,824773,home_run,0.25073975044096364,0,,,,,,,,,,,,,,,,,,,,,,,,,,,,,,,,,,,,,,,,,,,,,,,,,,,
2026-04-22,596115-824773-1776806457807,596115,824773,home_run,0.12086017241604463,0,,,,,,,,,,,,,,,,,,,,,,,,,,,,,,,,,,,,,,,,,,,,,,,,,,,
2026-04-22,702332-824773-1776806457807,702332,824773,home_run,0.11911397124736745,0,,,,,,,,,,,,,,,,,,,,,,,,,,,,,,,,,,,,,,,,,,,,,,,,,,,
2026-04-22,678882-824773-1776806457807,678882,824773,home_run,0.11526439184331183,0,,,,,,,,,,,,,,,,,,,,,,,,,,,,,,,,,,,,,,,,,,,,,,,,,,,
2026-04-22,665966-824773-1776806457807,665966,824773,home_run,0.10263454162444863,0,,,,,,,,,,,,,,,,,,,,,,,,,,,,,,,,,,,,,,,,,,,,,,,,,,,
2026-04-22,677800-824773-1776806457806,677800,824773,home_run,0.02226408926810408,0,,,,,,,,,,,,,,,,,,,,,,,,,,,,,,,,,,,,,,,,,,,,,,,,,,,
2026-04-22,701350-824773-1776806457806,701350,824773,home_run,0.021511335985805125,0,,,,,,,,,,,,,,,,,,,,,,,,,,,,,,,,,,,,,,,,,,,,,,,,,,,
2026-04-22,642708-824773-1776806457808,642708,824773,home_run,0.02070990445096421,0,,,,,,,,,,,,,,,,,,,,,,,,,,,,,,,,,,,,,,,,,,,,,,,,,,,
2026-04-22,519317-824773-1776806457808,519317,824773,home_run,0.02069763254266932,1,,,,,,,,,,,,,,,,,,,,,,,,,,,,,,,,,,,,,,,,,,,,,,,,,,,
2026-04-22,641355-824773-1776806457809,641355,824773,home_run,0.020153423377182955,0,,,,,,,,,,,,,,,,,,,,,,,,,,,,,,,,,,,,,,,,,,,,,,,,,,,
2026-04-22,807799-824773-1776806457806,807799,824773,home_run,0.020071561258653503,0,,,,,,,,,,,,,,,,,,,,,,,,,,,,,,,,,,,,,,,,,,,,,,,,,,,
2026-04-22,665862-824773-1776806457809,665862,824773,home_run,0.018949361313842394,0,,,,,,,,,,,,,,,,,,,,,,,,,,,,,,,,,,,,,,,,,,,,,,,,,,,
2026-04-22,545341-824773-1776806457809,545341,824773,home_run,0.018793626304570155,0,,,,,,,,,,,,,,,,,,,,,,,,,,,,,,,,,,,,,,,,,,,,,,,,,,,
2026-04-22,676609-824773-1776806457809,676609,824773,home_run,0.018629668007965394,0,,,,,,,,,,,,,,,,,,,,,,,,,,,,,,,,,,,,,,,,,,,,,,,,,,,
2026-04-22,691785-824773-1776806457807,691785,824773,home_run,0.018473882249590123,0,,,,,,,,,,,,,,,,,,,,,,,,,,,,,,,,,,,,,,,,,,,,,,,,,,,
2026-04-22,669224-824773-1776806457810,669224,824773,home_run,0.017834081522319578,0,,,,,,,,,,,,,,,,,,,,,,,,,,,,,,,,,,,,,,,,,,,,,,,,,,,
2026-04-22,668930-824290-1776806487723,668930,824290,hit,0.7843737101701892,1,1,,,,,,,,,,,,,,,,,,,,,,,,,,,,,,,,,,,,,,,,,,,,,,,,,,
2026-04-22,700250-824773-1776806606704,700250,824773,hit,0.7510603096006938,0,0,,,,,,,,,,,,,,,,,,,,,,,,,,,,,,,,,,,,,,,,,,,,,,,,,,
2026-04-22,656941-824690-1776806900461,656941,824690,hit,0.498412101014552,1,1,,,,,,,,,,,,,,,,,,,,,,,,,,,,,,,,,,,,,,,,,,,,,,,,,,
2026-04-22,700250-824773-1776806933295,700250,824773,hit,0.7510603096006938,0,0,,,,,,,,,,,,,,,,,,,,,,,,,,,,,,,,,,,,,,,,,,,,,,,,,,
2026-04-22,669065-823880-1776807070856,669065,823880,hit,0.8875970700563922,0,0,,,,,,,,,,,,,,,,,,,,,,,,,,,,,,,,,,,,,,,,,,,,,,,,,,
2026-04-22,669364-823880-1776807075930,669364,823880,hit,0.8290063791740526,1,1,,,,,,,,,,,,,,,,,,,,,,,,,,,,,,,,,,,,,,,,,,,,,,,,,,
2026-04-22,691023-823880-1776807075557,691023,823880,hit,0.7992228578209908,0,0,,,,,,,,,,,,,,,,,,,,,,,,,,,,,,,,,,,,,,,,,,,,,,,,,,
2026-04-22,672640-823880-1776807074003,672640,823880,hit,0.7913554828397036,0,0,,,,,,,,,,,,,,,,,,,,,,,,,,,,,,,,,,,,,,,,,,,,,,,,,,
2026-04-22,689414-823880-1776807075571,689414,823880,hit,0.7701323190211296,0,0,,,,,,,,,,,,,,,,,,,,,,,,,,,,,,,,,,,,,,,,,,,,,,,,,,
2026-04-22,676475-823880-1776807075415,676475,823880,hit,0.7618147657117718,1,1,,,,,,,,,,,,,,,,,,,,,,,,,,,,,,,,,,,,,,,,,,,,,,,,,,
2026-04-22,671056-823880-1776807075496,671056,823880,hit,0.6834638183616777,1,1,,,,,,,,,,,,,,,,,,,,,,,,,,,,,,,,,,,,,,,,,,,,,,,,,,
2026-04-22,802139-823880-1776807075828,802139,823880,hit,0.6655726333848118,1,1,,,,,,,,,,,,,,,,,,,,,,,,,,,,,,,,,,,,,,,,,,,,,,,,,,
2026-04-22,681393-823880-1776807073835,681393,823880,hit,0.6491365935571136,1,1,,,,,,,,,,,,,,,,,,,,,,,,,,,,,,,,,,,,,,,,,,,,,,,,,,
2026-04-22,691026-823880-1776807075599,691026,823880,hit,0.6400153687374195,1,1,,,,,,,,,,,,,,,,,,,,,,,,,,,,,,,,,,,,,,,,,,,,,,,,,,
2026-04-22,683357-823880-1776807074642,683357,823880,hit,0.6176755014693782,0,0,,,,,,,,,,,,,,,,,,,,,,,,,,,,,,,,,,,,,,,,,,,,,,,,,,
2026-04-22,701675-823880-1776807075411,701675,823880,hit,0.6119223034273029,1,1,,,,,,,,,,,,,,,,,,,,,,,,,,,,,,,,,,,,,,,,,,,,,,,,,,
2026-04-22,682663-823880-1776807074946,682663,823880,hit,0.6023979854060222,0,0,,,,,,,,,,,,,,,,,,,,,,,,,,,,,,,,,,,,,,,,,,,,,,,,,,
2026-04-22,669357-823880-1776807075927,669357,823880,hit,0.5869593341975199,1,1,,,,,,,,,,,,,,,,,,,,,,,,,,,,,,,,,,,,,,,,,,,,,,,,,,
2026-04-22,686780-823880-1776807075407,686780,823880,hit,0.5810543351515565,0,0,,,,,,,,,,,,,,,,,,,,,,,,,,,,,,,,,,,,,,,,,,,,,,,,,,
2026-04-22,805300-823880-1776807074609,805300,823880,hit,0.5746092470908657,1,1,,,,,,,,,,,,,,,,,,,,,,,,,,,,,,,,,,,,,,,,,,,,,,,,,,
2026-04-22,687363-823880-1776807075713,687363,823880,hit,0.5345305793602626,0,0,,,,,,,,,,,,,,,,,,,,,,,,,,,,,,,,,,,,,,,,,,,,,,,,,,
2026-04-22,688363-823880-1776807074183,688363,823880,hit,0.48213387470458824,1,1,,,,,,,,,,,,,,,,,,,,,,,,,,,,,,,,,,,,,,,,,,,,,,,,,,
2026-04-22,669065-823880-1776807276095,669065,823880,hit,0.8875970700563922,0,0,,,,,,,,,,,,,,,,,,,,,,,,,,,,,,,,,,,,,,,,,,,,,,,,,,
2026-04-22,700250-824773-1776807292921,700250,824773,hit,0.7510603096006938,0,0,,,,,,,,,,,,,,,,,,,,,,,,,,,,,,,,,,,,,,,,,,,,,,,,,,
2026-04-22,656941-824690-1776807315320,656941,824690,hit,0.498412101014552,1,1,,,,,,,,,,,,,,,,,,,,,,,,,,,,,,,,,,,,,,,,,,,,,,,,,,
2026-04-22,669065-823880-1776807362509,669065,823880,hit,0.8875970700563922,0,0,,,,,,,,,,,,,,,,,,,,,,,,,,,,,,,,,,,,,,,,,,,,,,,,,,
2026-04-22,669364-823880-1776807362509,669364,823880,hit,0.8290063791740526,1,1,,,,,,,,,,,,,,,,,,,,,,,,,,,,,,,,,,,,,,,,,,,,,,,,,,
2026-04-22,691023-823880-1776807362511,691023,823880,hit,0.7992228578209908,0,0,,,,,,,,,,,,,,,,,,,,,,,,,,,,,,,,,,,,,,,,,,,,,,,,,,
2026-04-22,672640-823880-1776807362509,672640,823880,hit,0.7913554828397036,0,0,,,,,,,,,,,,,,,,,,,,,,,,,,,,,,,,,,,,,,,,,,,,,,,,,,
2026-04-22,689414-823880-1776807362510,689414,823880,hit,0.7701323190211296,0,0,,,,,,,,,,,,,,,,,,,,,,,,,,,,,,,,,,,,,,,,,,,,,,,,,,
2026-04-22,676475-823880-1776807362511,676475,823880,hit,0.7618147657117718,1,1,,,,,,,,,,,,,,,,,,,,,,,,,,,,,,,,,,,,,,,,,,,,,,,,,,
2026-04-22,671056-823880-1776807362511,671056,823880,hit,0.6834638183616777,1,1,,,,,,,,,,,,,,,,,,,,,,,,,,,,,,,,,,,,,,,,,,,,,,,,,,
2026-04-22,802139-823880-1776807362511,802139,823880,hit,0.6655726333848118,1,1,,,,,,,,,,,,,,,,,,,,,,,,,,,,,,,,,,,,,,,,,,,,,,,,,,
2026-04-22,681393-823880-1776807362511,681393,823880,hit,0.6491365935571136,1,1,,,,,,,,,,,,,,,,,,,,,,,,,,,,,,,,,,,,,,,,,,,,,,,,,,
2026-04-22,691026-823880-1776807362512,691026,823880,hit,0.6400153687374195,1,1,,,,,,,,,,,,,,,,,,,,,,,,,,,,,,,,,,,,,,,,,,,,,,,,,,
2026-04-22,683357-823880-1776807362510,683357,823880,hit,0.6176755014693782,0,0,,,,,,,,,,,,,,,,,,,,,,,,,,,,,,,,,,,,,,,,,,,,,,,,,,
2026-04-22,701675-823880-1776807362512,701675,823880,hit,0.6119223034273029,1,1,,,,,,,,,,,,,,,,,,,,,,,,,,,,,,,,,,,,,,,,,,,,,,,,,,
2026-04-22,682663-823880-1776807362510,682663,823880,hit,0.6023979854060222,0,0,,,,,,,,,,,,,,,,,,,,,,,,,,,,,,,,,,,,,,,,,,,,,,,,,,
2026-04-22,669357-823880-1776807362512,669357,823880,hit,0.5869593341975199,1,1,,,,,,,,,,,,,,,,,,,,,,,,,,,,,,,,,,,,,,,,,,,,,,,,,,
2026-04-22,686780-823880-1776807362512,686780,823880,hit,0.5810543351515565,0,0,,,,,,,,,,,,,,,,,,,,,,,,,,,,,,,,,,,,,,,,,,,,,,,,,,
2026-04-22,805300-823880-1776807362509,805300,823880,hit,0.5746092470908657,1,1,,,,,,,,,,,,,,,,,,,,,,,,,,,,,,,,,,,,,,,,,,,,,,,,,,
2026-04-22,687363-823880-1776807362513,687363,823880,hit,0.5345305793602626,0,0,,,,,,,,,,,,,,,,,,,,,,,,,,,,,,,,,,,,,,,,,,,,,,,,,,
2026-04-22,688363-823880-1776807362510,688363,823880,hit,0.48213387470458824,1,1,,,,,,,,,,,,,,,,,,,,,,,,,,,,,,,,,,,,,,,,,,,,,,,,,,
2026-04-22,807799-824773-1776807411697,807799,824773,hit,0.7854877924260123,0,0,,,,,,,,,,,,,,,,,,,,,,,,,,,,,,,,,,,,,,,,,,,,,,,,,,
2026-04-22,700250-824773-1776807411699,700250,824773,hit,0.7510603096006938,0,0,,,,,,,,,,,,,,,,,,,,,,,,,,,,,,,,,,,,,,,,,,,,,,,,,,
2026-04-22,575929-824773-1776807411696,575929,824773,hit,0.7268440863519798,1,1,,,,,,,,,,,,,,,,,,,,,,,,,,,,,,,,,,,,,,,,,,,,,,,,,,
2026-04-22,677800-824773-1776807411697,677800,824773,hit,0.7060190521707641,0,0,,,,,,,,,,,,,,,,,,,,,,,,,,,,,,,,,,,,,,,,,,,,,,,,,,
2026-04-22,701350-824773-1776807411696,701350,824773,hit,0.7031337901076414,0,0,,,,,,,,,,,,,,,,,,,,,,,,,,,,,,,,,,,,,,,,,,,,,,,,,,
2026-04-22,678882-824773-1776807411698,678882,824773,hit,0.680353019054266,1,1,,,,,,,,,,,,,,,,,,,,,,,,,,,,,,,,,,,,,,,,,,,,,,,,,,
2026-04-22,596115-824773-1776807411697,596115,824773,hit,0.6650434994901038,0,0,,,,,,,,,,,,,,,,,,,,,,,,,,,,,,,,,,,,,,,,,,,,,,,,,,
2026-04-22,642708-824773-1776807411698,642708,824773,hit,0.620272501002804,0,0,,,,,,,,,,,,,,,,,,,,,,,,,,,,,,,,,,,,,,,,,,,,,,,,,,
2026-04-22,592450-824773-1776807411699,592450,824773,hit,0.6169488857965783,1,1,,,,,,,,,,,,,,,,,,,,,,,,,,,,,,,,,,,,,,,,,,,,,,,,,,
2026-04-22,641355-824773-1776807411699,641355,824773,hit,0.6151573235456309,1,1,,,,,,,,,,,,,,,,,,,,,,,,,,,,,,,,,,,,,,,,,,,,,,,,,,
2026-04-22,702332-824773-1776807411698,702332,824773,hit,0.5437253238856212,0,0,,,,,,,,,,,,,,,,,,,,,,,,,,,,,,,,,,,,,,,,,,,,,,,,,,
2026-04-22,691785-824773-1776807411698,691785,824773,hit,0.5256687124729464,1,1,,,,,,,,,,,,,,,,,,,,,,,,,,,,,,,,,,,,,,,,,,,,,,,,,,
2026-04-22,665966-824773-1776807411698,665966,824773,hit,0.5139623382134776,1,1,,,,,,,,,,,,,,,,,,,,,,,,,,,,,,,,,,,,,,,,,,,,,,,,,,
2026-04-22,676609-824773-1776807411700,676609,824773,hit,0.5095101815964647,1,1,,,,,,,,,,,,,,,,,,,,,,,,,,,,,,,,,,,,,,,,,,,,,,,,,,
2026-04-22,669224-824773-1776807411700,669224,824773,hit,0.4042068142297297,1,1,,,,,,,,,,,,,,,,,,,,,,,,,,,,,,,,,,,,,,,,,,,,,,,,,,
2026-04-22,545341-824773-1776807411700,545341,824773,hit,0.39427362613913564,1,1,,,,,,,,,,,,,,,,,,,,,,,,,,,,,,,,,,,,,,,,,,,,,,,,,,
2026-04-22,519317-824773-1776807411699,519317,824773,hit,0.37697720807331214,1,1,,,,,,,,,,,,,,,,,,,,,,,,,,,,,,,,,,,,,,,,,,,,,,,,,,
2026-04-22,665862-824773-1776807411700,665862,824773,hit,0.331103519231678,1,1,,,,,,,,,,,,,,,,,,,,,,,,,,,,,,,,,,,,,,,,,,,,,,,,,,
2026-04-22,802415-822995-1776807529890,802415,822995,hit,0.7979232152454343,0,0,,,,,,,,,,,,,,,,,,,,,,,,,,,,,,,,,,,,,,,,,,,,,,,,,,
2026-04-22,682829-822995-1776807530120,682829,822995,hit,0.767964054822505,1,1,,,,,,,,,,,,,,,,,,,,,,,,,,,,,,,,,,,,,,,,,,,,,,,,,,
2026-04-22,701398-822995-1776807529901,701398,822995,hit,0.7413770514302487,1,1,,,,,,,,,,,,,,,,,,,,,,,,,,,,,,,,,,,,,,,,,,,,,,,,,,
2026-04-22,650490-822995-1776807530106,650490,822995,hit,0.7296731178233183,1,1,,,,,,,,,,,,,,,,,,,,,,,,,,,,,,,,,,,,,,,,,,,,,,,,,,
2026-04-22,691406-822995-1776807530696,691406,822995,hit,0.7084763212714345,1,1,,,,,,,,,,,,,,,,,,,,,,,,,,,,,,,,,,,,,,,,,,,,,,,,,,
2026-04-22,667472-822995-1776807529780,667472,822995,hit,0.6854190056165099,1,1,,,,,,,,,,,,,,,,,,,,,,,,,,,,,,,,,,,,,,,,,,,,,,,,,,
2026-04-22,680700-822995-1776807529862,680700,822995,hit,0.6828465392634295,0,0,,,,,,,,,,,,,,,,,,,,,,,,,,,,,,,,,,,,,,,,,,,,,,,,,,
2026-04-22,668715-822995-1776807529804,668715,822995,hit,0.6454110582224575,1,1,,,,,,,,,,,,,,,,,,,,,,,,,,,,,,,,,,,,,,,,,,,,,,,,,,
2026-04-22,680574-822995-1776807529995,680574,822995,hit,0.6389829184558995,1,1,,,,,,,,,,,,,,,,,,,,,,,,,,,,,,,,,,,,,,,,,,,,,,,,,,
2026-04-22,553993-822995-1776807530069,553993,822995,hit,0.6384660077094186,0,0,,,,,,,,,,,,,,,,,,,,,,,,,,,,,,,,,,,,,,,,,,,,,,,,,,
2026-04-22,666018-822995-1776807530059,666018,822995,hit,0.5675603664239759,1,1,,,,,,,,,,,,,,,,,,,,,,,,,,,,,,,,,,,,,,,,,,,,,,,,,,
2026-04-22,670764-822995-1776807531084,670764,822995,hit,0.5541352508877313,0,0,,,,,,,,,,,,,,,,,,,,,,,,,,,,,,,,,,,,,,,,,,,,,,,,,,
2026-04-22,663886-822995-1776807529894,663886,822995,hit,0.5468793008318129,0,0,,,,,,,,,,,,,,,,,,,,,,,,,,,,,,,,,,,,,,,,,,,,,,,,,,
2026-04-22,641584-822995-1776807529784,641584,822995,hit,0.5341626735993188,0,0,,,,,,,,,,,,,,,,,,,,,,,,,,,,,,,,,,,,,,,,,,,,,,,,,,
2026-04-22,677956-822995-1776807530286,677956,822995,hit,0.5188817933776886,0,0,,,,,,,,,,,,,,,,,,,,,,,,,,,,,,,,,,,,,,,,,,,,,,,,,,
2026-04-22,663647-822995-1776807530025,663647,822995,hit,0.42585488422745754,1,1,,,,,,,,,,,,,,,,,,,,,,,,,,,,,,,,,,,,,,,,,,,,,,,,,,
2026-04-22,656775-822995-1776807530357,656775,822995,hit,0.40426871899119043,1,1,,,,,,,,,,,,,,,,,,,,,,,,,,,,,,,,,,,,,,,,,,,,,,,,,,
2026-04-22,676439-822995-1776807529798,676439,822995,hit,0.3780544073991803,1,1,,,,,,,,,,,,,,,,,,,,,,,,,,,,,,,,,,,,,,,,,,,,,,,,,,
2026-04-22,682829-822995-1776807553356,682829,822995,hit,0.767964054822505,1,1,,,,,,,,,,,,,,,,,,,,,,,,,,,,,,,,,,,,,,,,,,,,,,,,,,
2026-04-22,670541-824448-1776807598159,670541,824448,hit,0.7887037852337944,1,1,,,,,,,,,,,,,,,,,,,,,,,,,,,,,,,,,,,,,,,,,,,,,,,,,,
2026-04-22,608070-824448-1776807598281,608070,824448,hit,0.7461178697948947,1,1,,,,,,,,,,,,,,,,,,,,,,,,,,,,,,,,,,,,,,,,,,,,,,,,,,
2026-04-22,677587-824448-1776807598278,677587,824448,hit,0.7085784065472495,1,1,,,,,,,,,,,,,,,,,,,,,,,,,,,,,,,,,,,,,,,,,,,,,,,,,,
2026-04-22,682177-824448-1776807598282,682177,824448,hit,0.706471636535462,1,1,,,,,,,,,,,,,,,,,,,,,,,,,,,,,,,,,,,,,,,,,,,,,,,,,,
2026-04-22,680757-824448-1776807598279,680757,824448,hit,0.6929373461079685,1,1,,,,,,,,,,,,,,,,,,,,,,,,,,,,,,,,,,,,,,,,,,,,,,,,,,
2026-04-22,514888-824448-1776807598161,514888,824448,hit,0.6833112146635844,0,0,,,,,,,,,,,,,,,,,,,,,,,,,,,,,,,,,,,,,,,,,,,,,,,,,,
2026-04-22,621043-824448-1776807598158,621043,824448,hit,0.6761801151919766,1,1,,,,,,,,,,,,,,,,,,,,,,,,,,,,,,,,,,,,,,,,,,,,,,,,,,
2026-04-22,682657-824448-1776807598283,682657,824448,hit,0.6752559998329527,1,1,,,,,,,,,,,,,,,,,,,,,,,,,,,,,,,,,,,,,,,,,,,,,,,,,,
2026-04-22,671655-824448-1776807598277,671655,824448,hit,0.6728615732428975,1,1,,,,,,,,,,,,,,,,,,,,,,,,,,,,,,,,,,,,,,,,,,,,,,,,,,
2026-04-22,800050-824448-1776807598280,800050,824448,hit,0.6046950995922551,1,1,,,,,,,,,,,,,,,,,,,,,,,,,,,,,,,,,,,,,,,,,,,,,,,,,,
2026-04-22,700932-824448-1776807598282,700932,824448,hit,0.590813898461992,1,1,,,,,,,,,,,,,,,,,,,,,,,,,,,,,,,,,,,,,,,,,,,,,,,,,,
2026-04-22,701358-824448-1776807598161,701358,824448,hit,0.5843453689755534,1,1,,,,,,,,,,,,,,,,,,,,,,,,,,,,,,,,,,,,,,,,,,,,,,,,,,
2026-04-22,595978-824448-1776807598280,595978,824448,hit,0.5701858588614123,1,1,,,,,,,,,,,,,,,,,,,,,,,,,,,,,,,,,,,,,,,,,,,,,,,,,,
2026-04-22,572233-824448-1776807598164,572233,824448,hit,0.5491413896402507,0,0,,,,,,,,,,,,,,,,,,,,,,,,,,,,,,,,,,,,,,,,,,,,,,,,,,
2026-04-22,670623-824448-1776807598164,670623,824448,hit,0.517845940970091,1,1,,,,,,,,,,,,,,,,,,,,,,,,,,,,,,,,,,,,,,,,,,,,,,,,,,
2026-04-22,673237-824448-1776807598163,673237,824448,hit,0.4830997845187398,1,1,,,,,,,,,,,,,,,,,,,,,,,,,,,,,,,,,,,,,,,,,,,,,,,,,,
2026-04-22,687957-824448-1776807598162,687957,824448,hit,0.3814237476829293,0,0,,,,,,,,,,,,,,,,,,,,,,,,,,,,,,,,,,,,,,,,,,,,,,,,,,
2026-04-22,694728-824448-1776807598162,694728,824448,hit,0.34058656221974826,1,1,,,,,,,,,,,,,,,,,,,,,,,,,,,,,,,,,,,,,,,,,,,,,,,,,,
2026-04-22,682928-822747-1776807648599,682928,822747,hit,0.8319871182301208,0,0,,,,,,,,,,,,,,,,,,,,,,,,,,,,,,,,,,,,,,,,,,,,,,,,,,
2026-04-22,695734-822747-1776807649038,695734,822747,hit,0.8261794218630953,0,0,,,,,,,,,,,,,,,,,,,,,,,,,,,,,,,,,,,,,,,,,,,,,,,,,,
2026-04-22,686948-822747-1776807648085,686948,822747,hit,0.8029504866121018,1,1,,,,,,,,,,,,,,,,,,,,,,,,,,,,,,,,,,,,,,,,,,,,,,,,,,
2026-04-22,695578-822747-1776807648604,695578,822747,hit,0.7837673119401386,1,1,,,,,,,,,,,,,,,,,,,,,,,,,,,,,,,,,,,,,,,,,,,,,,,,,,
2026-04-22,663586-822747-1776807648514,663586,822747,hit,0.7662020122027137,0,0,,,,,,,,,,,,,,,,,,,,,,,,,,,,,,,,,,,,,,,,,,,,,,,,,,
2026-04-22,677588-822747-1776807648387,677588,822747,hit,0.7491885129323519,0,0,,,,,,,,,,,,,,,,,,,,,,,,,,,,,,,,,,,,,,,,,,,,,,,,,,
2026-04-22,645277-822747-1776807648188,645277,822747,hit,0.7383042185907731,1,1,,,,,,,,,,,,,,,,,,,,,,,,,,,,,,,,,,,,,,,,,,,,,,,,,,
2026-04-22,643289-822747-1776807648265,643289,822747,hit,0.7373754468590513,1,1,,,,,,,,,,,,,,,,,,,,,,,,,,,,,,,,,,,,,,,,,,,,,,,,,,
2026-04-22,671739-822747-1776807648086,671739,822747,hit,0.7330215785640495,1,1,,,,,,,,,,,,,,,,,,,,,,,,,,,,,,,,,,,,,,,,,,,,,,,,,,
2026-04-22,660670-822747-1776807648244,660670,822747,hit,0.723483753617364,1,1,,,,,,,,,,,,,,,,,,,,,,,,,,,,,,,,,,,,,,,,,,,,,,,,,,
2026-04-22,621566-822747-1776807649080,621566,822747,hit,0.7123979434221481,0,0,,,,,,,,,,,,,,,,,,,,,,,,,,,,,,,,,,,,,,,,,,,,,,,,,,
2026-04-22,696285-822747-1776807648304,696285,822747,hit,0.7111625345443713,1,1,,,,,,,,,,,,,,,,,,,,,,,,,,,,,,,,,,,,,,,,,,,,,,,,,,
2026-04-22,678391-822747-1776807648368,678391,822747,hit,0.6988135852961852,0,0,,,,,,,,,,,,,,,,,,,,,,,,,,,,,,,,,,,,,,,,,,,,,,,,,,
2026-04-22,641680-822747-1776807647959,641680,822747,hit,0.6638816960490705,1,1,,,,,,,,,,,,,,,,,,,,,,,,,,,,,,,,,,,,,,,,,,,,,,,,,,
2026-04-22,671277-822747-1776807648337,671277,822747,hit,0.6383074979958203,1,1,,,,,,,,,,,,,,,,,,,,,,,,,,,,,,,,,,,,,,,,,,,,,,,,,,
2026-04-22,642201-822747-1776807648998,642201,822747,hit,0.6370814616784457,1,1,,,,,,,,,,,,,,,,,,,,,,,,,,,,,,,,,,,,,,,,,,,,,,,,,,
2026-04-22,683083-822747-1776807648471,683083,822747,hit,0.6298927250708537,1,1,,,,,,,,,,,,,,,,,,,,,,,,,,,,,,,,,,,,,,,,,,,,,,,,,,
2026-04-22,686452-822747-1776807648337,686452,822747,hit,0.6076677875411436,1,1,,,,,,,,,,,,,,,,,,,,,,,,,,,,,,,,,,,,,,,,,,,,,,,,,,
2026-04-22,682928-822747-1776807675629,682928,822747,hit,0.8319871182301208,0,0,,,,,,,,,,,,,,,,,,,,,,,,,,,,,,,,,,,,,,,,,,,,,,,,,,
2026-04-22,668930-824290-1776807757781,668930,824290,hit,0.7861814606845261,1,1,,,,,,,,,,,,,,,,,,,,,,,,,,,,,,,,,,,,,,,,,,,,,,,,,,
2026-04-22,663330-824290-1776807760449,663330,824290,hit,0.7731391921412065,0,0,,,,,,,,,,,,,,,,,,,,,,,,,,,,,,,,,,,,,,,,,,,,,,,,,,
2026-04-22,805808-824290-1776807760627,805808,824290,hit,0.7700013761765896,1,1,,,,,,,,,,,,,,,,,,,,,,,,,,,,,,,,,,,,,,,,,,,,,,,,,,
2026-04-22,661388-824290-1776807760359,661388,824290,hit,0.7676820851990676,1,1,,,,,,,,,,,,,,,,,,,,,,,,,,,,,,,,,,,,,,,,,,,,,,,,,,
2026-04-22,693307-824290-1776807760486,693307,824290,hit,0.7496475547976663,0,0,,,,,,,,,,,,,,,,,,,,,,,,,,,,,,,,,,,,,,,,,,,,,,,,,,
2026-04-22,663837-824290-1776807760377,663837,824290,hit,0.7044050995819184,1,1,,,,,,,,,,,,,,,,,,,,,,,,,,,,,,,,,,,,,,,,,,,,,,,,,,
2026-04-22,595879-824290-1776807760374,595879,824290,hit,0.6533518354187523,0,0,,,,,,,,,,,,,,,,,,,,,,,,,,,,,,,,,,,,,,,,,,,,,,,,,,
2026-04-22,682985-824290-1776807760460,682985,824290,hit,0.6528897277738241,1,1,,,,,,,,,,,,,,,,,,,,,,,,,,,,,,,,,,,,,,,,,,,,,,,,,,
2026-04-22,641343-824290-1776807762378,641343,824290,hit,0.6181654445034941,1,1,,,,,,,,,,,,,,,,,,,,,,,,,,,,,,,,,,,,,,,,,,,,,,,,,,
2026-04-22,650859-824290-1776807760895,650859,824290,hit,0.6056803317269375,1,1,,,,,,,,,,,,,,,,,,,,,,,,,,,,,,,,,,,,,,,,,,,,,,,,,,
2026-04-22,669003-824290-1776807761342,669003,824290,hit,0.5948708051303077,1,1,,,,,,,,,,,,,,,,,,,,,,,,,,,,,,,,,,,,,,,,,,,,,,,,,,
2026-04-22,596142-824290-1776807760248,596142,824290,hit,0.5853456341426714,1,1,,,,,,,,,,,,,,,,,,,,,,,,,,,,,,,,,,,,,,,,,,,,,,,,,,
2026-04-22,650402-824290-1776807760540,650402,824290,hit,0.5588817155646371,1,1,,,,,,,,,,,,,,,,,,,,,,,,,,,,,,,,,,,,,,,,,,,,,,,,,,
2026-04-22,686217-824290-1776807759702,686217,824290,hit,0.5555682491801562,1,1,,,,,,,,,,,,,,,,,,,,,,,,,,,,,,,,,,,,,,,,,,,,,,,,,,
2026-04-22,666152-824290-1776807761212,666152,824290,hit,0.5232525126389852,1,1,,,,,,,,,,,,,,,,,,,,,,,,,,,,,,,,,,,,,,,,,,,,,,,,,,
2026-04-22,679529-824290-1776807760614,679529,824290,hit,0.4556942831631705,1,1,,,,,,,,,,,,,,,,,,,,,,,,,,,,,,,,,,,,,,,,,,,,,,,,,,
2026-04-22,701678-824290-1776807760705,701678,824290,hit,0.4159506559474141,1,1,,,,,,,,,,,,,,,,,,,,,,,,,,,,,,,,,,,,,,,,,,,,,,,,,,
2026-04-22,663368-824290-1776807759535,663368,824290,hit,0.3975716753901848,0,0,,,,,,,,,,,,,,,,,,,,,,,,,,,,,,,,,,,,,,,,,,,,,,,,,,
2026-04-22,668930-824290-1776807778837,668930,824290,hit,0.7861814606845261,1,1,,,,,,,,,,,,,,,,,,,,,,,,,,,,,,,,,,,,,,,,,,,,,,,,,,
2026-04-22,677951-824127-1776807827101,677951,824127,hit,0.7811716900993824,1,1,,,,,,,,,,,,,,,,,,,,,,,,,,,,,,,,,,,,,,,,,,,,,,,,,,
2026-04-22,621493-824127-1776807826776,621493,824127,hit,0.7811484410630256,0,0,,,,,,,,,,,,,,,,,,,,,,,,,,,,,,,,,,,,,,,,,,,,,,,,,,
2026-04-22,669236-824127-1776807827061,669236,824127,hit,0.7807681358174364,1,1,,,,,,,,,,,,,,,,,,,,,,,,,,,,,,,,,,,,,,,,,,,,,,,,,,
2026-04-22,672580-824127-1776807836042,672580,824127,hit,0.724727492142936,1,1,,,,,,,,,,,,,,,,,,,,,,,,,,,,,,,,,,,,,,,,,,,,,,,,,,
2026-04-22,695506-824127-1776807827303,695506,824127,hit,0.697079755844712,0,0,,,,,,,,,,,,,,,,,,,,,,,,,,,,,,,,,,,,,,,,,,,,,,,,,,
2026-04-22,695600-824127-1776807828913,695600,824127,hit,0.6810819166833577,1,1,,,,,,,,,,,,,,,,,,,,,,,,,,,,,,,,,,,,,,,,,,,,,,,,,,
2026-04-22,642215-824127-1776807826673,642215,824127,hit,0.6236985598636546,1,1,,,,,,,,,,,,,,,,,,,,,,,,,,,,,,,,,,,,,,,,,,,,,,,,,,
2026-04-22,665750-824127-1776807827396,665750,824127,hit,0.5861709548878087,0,0,,,,,,,,,,,,,,,,,,,,,,,,,,,,,,,,,,,,,,,,,,,,,,,,,,
2026-04-22,521692-824127-1776807827621,521692,824127,hit,0.583293036855136,1,1,,,,,,,,,,,,,,,,,,,,,,,,,,,,,,,,,,,,,,,,,,,,,,,,,,
2026-04-22,686555-824127-1776807828017,686555,824127,hit,0.5772278547527374,0,0,,,,,,,,,,,,,,,,,,,,,,,,,,,,,,,,,,,,,,,,,,,,,,,,,,
2026-04-22,683002-824127-1776807826916,683002,824127,hit,0.5707972895371807,1,1,,,,,,,,,,,,,,,,,,,,,,,,,,,,,,,,,,,,,,,,,,,,,,,,,,
2026-04-22,686681-824127-1776807826958,686681,824127,hit,0.5364872261504657,1,1,,,,,,,,,,,,,,,,,,,,,,,,,,,,,,,,,,,,,,,,,,,,,,,,,,
2026-04-22,668939-824127-1776807827009,668939,824127,hit,0.5236411984168018,1,1,,,,,,,,,,,,,,,,,,,,,,,,,,,,,,,,,,,,,,,,,,,,,,,,,,
2026-04-22,624413-824127-1776807830079,624413,824127,hit,0.4994992437784962,1,1,,,,,,,,,,,,,,,,,,,,,,,,,,,,,,,,,,,,,,,,,,,,,,,,,,
2026-04-22,664728-824127-1776807826894,664728,824127,hit,0.4969973732185575,1,1,,,,,,,,,,,,,,,,,,,,,,,,,,,,,,,,,,,,,,,,,,,,,,,,,,
2026-04-22,686469-824127-1776807832144,686469,824127,hit,0.488445257219845,0,0,,,,,,,,,,,,,,,,,,,,,,,,,,,,,,,,,,,,,,,,,,,,,,,,,,
2026-04-22,677942-824127-1776807826966,677942,824127,hit,0.45967007727078535,0,0,,,,,,,,,,,,,,,,,,,,,,,,,,,,,,,,,,,,,,,,,,,,,,,,,,
2026-04-22,691723-824127-1776807826696,691723,824127,hit,0.44170793975165423,1,1,,,,,,,,,,,,,,,,,,,,,,,,,,,,,,,,,,,,,,,,,,,,,,,,,,
2026-04-22,677951-824127-1776807852498,677951,824127,hit,0.7811716900993824,1,1,,,,,,,,,,,,,,,,,,,,,,,,,,,,,,,,,,,,,,,,,,,,,,,,,,
2026-04-22,621493-824127-1776807875040,621493,824127,hit,0.7811484410630256,0,0,,,,,,,,,,,,,,,,,,,,,,,,,,,,,,,,,,,,,,,,,,,,,,,,,,
2026-04-22,663538-824690-1776807907589,663538,824690,hit,0.8379006776629848,1,1,,,,,,,,,,,,,,,,,,,,,,,,,,,,,,,,,,,,,,,,,,,,,,,,,,
2026-04-22,608348-824690-1776807910436,608348,824690,hit,0.756547775407237,1,1,,,,,,,,,,,,,,,,,,,,,,,,,,,,,,,,,,,,,,,,,,,,,,,,,,
2026-04-22,673548-824690-1776807907547,673548,824690,hit,0.7074114405831758,1,1,,,,,,,,,,,,,,,,,,,,,,,,,,,,,,,,,,,,,,,,,,,,,,,,,,
2026-04-22,807713-824690-1776807907948,807713,824690,hit,0.7038366825308973,1,1,,,,,,,,,,,,,,,,,,,,,,,,,,,,,,,,,,,,,,,,,,,,,,,,,,
2026-04-22,664023-824690-1776807908394,664023,824690,hit,0.6957074425772884,1,1,,,,,,,,,,,,,,,,,,,,,,,,,,,,,,,,,,,,,,,,,,,,,,,,,,
2026-04-22,608324-824690-1776807907741,608324,824690,hit,0.6778137439983078,1,1,,,,,,,,,,,,,,,,,,,,,,,,,,,,,,,,,,,,,,,,,,,,,,,,,,
2026-04-22,694025-824690-1776807906598,694025,824690,hit,0.6245907565545359,1,1,,,,,,,,,,,,,,,,,,,,,,,,,,,,,,,,,,,,,,,,,,,,,,,,,,
2026-04-22,547180-824690-1776807905140,547180,824690,hit,0.6188333596073746,1,1,,,,,,,,,,,,,,,,,,,,,,,,,,,,,,,,,,,,,,,,,,,,,,,,,,
2026-04-22,621020-824690-1776807907475,621020,824690,hit,0.6122181702402987,0,0,,,,,,,,,,,,,,,,,,,,,,,,,,,,,,,,,,,,,,,,,,,,,,,,,,
2026-04-22,592663-824690-1776807914075,592663,824690,hit,0.6103907515221273,0,0,,,,,,,,,,,,,,,,,,,,,,,,,,,,,,,,,,,,,,,,,,,,,,,,,,
2026-04-22,691718-824690-1776807907565,691718,824690,hit,0.600079072740211,1,1,,,,,,,,,,,,,,,,,,,,,,,,,,,,,,,,,,,,,,,,,,,,,,,,,,
2026-04-22,669016-824690-1776807908310,669016,824690,hit,0.5835909997693327,1,1,,,,,,,,,,,,,,,,,,,,,,,,,,,,,,,,,,,,,,,,,,,,,,,,,,
2026-04-22,624641-824690-1776807907658,624641,824690,hit,0.5703489398799895,0,0,,,,,,,,,,,,,,,,,,,,,,,,,,,,,,,,,,,,,,,,,,,,,,,,,,
2026-04-22,666969-824690-1776807909158,666969,824690,hit,0.5667889223498035,1,1,,,,,,,,,,,,,,,,,,,,,,,,,,,,,,,,,,,,,,,,,,,,,,,,,,
2026-04-22,607208-824690-1776807906216,607208,824690,hit,0.5613138662525331,0,0,,,,,,,,,,,,,,,,,,,,,,,,,,,,,,,,,,,,,,,,,,,,,,,,,,
2026-04-22,683737-824690-1776807908637,683737,824690,hit,0.5156337940317854,1,1,,,,,,,,,,,,,,,,,,,,,,,,,,,,,,,,,,,,,,,,,,,,,,,,,,
2026-04-22,656941-824690-1776807902365,656941,824690,hit,0.49985845079124747,1,1,,,,,,,,,,,,,,,,,,,,,,,,,,,,,,,,,,,,,,,,,,,,,,,,,,
2026-04-22,664761-824690-1776807908098,664761,824690,hit,0.33344857482137946,0,0,,,,,,,,,,,,,,,,,,,,,,,,,,,,,,,,,,,,,,,,,,,,,,,,,,
2026-04-22,608348-824690-1776807934939,608348,824690,hit,0.756547775407237,1,1,,,,,,,,,,,,,,,,,,,,,,,,,,,,,,,,,,,,,,,,,,,,,,,,,,
2026-04-22,669065-823880-1776807979068,669065,823880,hit,0.8875404475547155,0,0,,,,,,,,,,,,,,,,,,,,,,,,,,,,,,,,,,,,,,,,,,,,,,,,,,
2026-04-22,687859-824369-1776807998778,687859,824369,hit,0.7694092934265608,0,0,,,,,,,,,,,,,,,,,,,,,,,,,,,,,,,,,,,,,,,,,,,,,,,,,,
2026-04-22,665487-824369-1776807997783,665487,824369,hit,0.7591939574167286,1,1,,,,,,,,,,,,,,,,,,,,,,,,,,,,,,,,,,,,,,,,,,,,,,,,,,
2026-04-22,666160-824369-1776807998484,666160,824369,hit,0.7588050288764228,1,1,,,,,,,,,,,,,,,,,,,,,,,,,,,,,,,,,,,,,,,,,,,,,,,,,,
2026-04-22,609280-824369-1776807997403,609280,824369,hit,0.7564572809836898,1,1,,,,,,,,,,,,,,,,,,,,,,,,,,,,,,,,,,,,,,,,,,,,,,,,,,
2026-04-22,657656-824369-1776807997365,657656,824369,hit,0.7493600731719741,0,0,,,,,,,,,,,,,,,,,,,,,,,,,,,,,,,,,,,,,,,,,,,,,,,,,,
2026-04-22,696100-824369-1776807998644,696100,824369,hit,0.7329225888102232,1,1,,,,,,,,,,,,,,,,,,,,,,,,,,,,,,,,,,,,,,,,,,,,,,,,,,
2026-04-22,666397-824369-1776807998500,666397,824369,hit,0.7301823551514318,1,1,,,,,,,,,,,,,,,,,,,,,,,,,,,,,,,,,,,,,,,,,,,,,,,,,,
2026-04-22,593428-824369-1776807997445,593428,824369,hit,0.7142755765273094,1,1,,,,,,,,,,,,,,,,,,,,,,,,,,,,,,,,,,,,,,,,,,,,,,,,,,
2026-04-22,681198-824369-1776807998849,681198,824369,hit,0.6750265459323199,0,0,,,,,,,,,,,,,,,,,,,,,,,,,,,,,,,,,,,,,,,,,,,,,,,,,,
2026-04-22,657757-824369-1776807997547,657757,824369,hit,0.6741438053547607,0,0,,,,,,,,,,,,,,,,,,,,,,,,,,,,,,,,,,,,,,,,,,,,,,,,,,
2026-04-22,678662-824369-1776807998495,678662,824369,hit,0.6458440742796835,0,0,,,,,,,,,,,,,,,,,,,,,,,,,,,,,,,,,,,,,,,,,,,,,,,,,,
2026-04-22,701538-824369-1776807997590,701538,824369,hit,0.6426711341863006,0,0,,,,,,,,,,,,,,,,,,,,,,,,,,,,,,,,,,,,,,,,,,,,,,,,,,
2026-04-22,691720-824369-1776807998390,691720,824369,hit,0.6334638450831415,0,0,,,,,,,,,,,,,,,,,,,,,,,,,,,,,,,,,,,,,,,,,,,,,,,,,,
2026-04-22,686668-824369-1776807998267,686668,824369,hit,0.6109671689432219,0,0,,,,,,,,,,,,,,,,,,,,,,,,,,,,,,,,,,,,,,,,,,,,,,,,,,
2026-04-22,687597-824369-1776807998372,687597,824369,hit,0.5377920582049636,0,0,,,,,,,,,,,,,,,,,,,,,,,,,,,,,,,,,,,,,,,,,,,,,,,,,,
2026-04-22,592518-824369-1776807997357,592518,824369,hit,0.48089700481186926,0,0,,,,,,,,,,,,,,,,,,,,,,,,,,,,,,,,,,,,,,,,,,,,,,,,,,
2026-04-22,666023-824369-1776807997681,666023,824369,hit,0.44786275307643275,1,1,,,,,,,,,,,,,,,,,,,,,,,,,,,,,,,,,,,,,,,,,,,,,,,,,,
2026-04-22,630105-824369-1776807997379,630105,824369,hit,0.4342685558900411,1,1,,,,,,,,,,,,,,,,,,,,,,,,,,,,,,,,,,,,,,,,,,,,,,,,,,
2026-04-22,687859-824369-1776808012005,687859,824369,hit,0.7694092934265608,0,0,,,,,,,,,,,,,,,,,,,,,,,,,,,,,,,,,,,,,,,,,,,,,,,,,,
2026-04-22,656811-822914-1776808056187,656811,822914,hit,0.7821581227389257,1,1,,,,,,,,,,,,,,,,,,,,,,,,,,,,,,,,,,,,,,,,,,,,,,,,,,
2026-04-22,607043-822914-1776808055942,607043,822914,hit,0.7771621071173447,0,0,,,,,,,,,,,,,,,,,,,,,,,,,,,,,,,,,,,,,,,,,,,,,,,,,,
2026-04-22,673962-822914-1776808055684,673962,822914,hit,0.741265209442451,1,1,,,,,,,,,,,,,,,,,,,,,,,,,,,,,,,,,,,,,,,,,,,,,,,,,,
2026-04-22,694671-822914-1776808055917,694671,822914,hit,0.7399717397322128,0,0,,,,,,,,,,,,,,,,,,,,,,,,,,,,,,,,,,,,,,,,,,,,,,,,,,
2026-04-22,665833-822914-1776808055108,665833,822914,hit,0.7208115854336425,1,1,,,,,,,,,,,,,,,,,,,,,,,,,,,,,,,,,,,,,,,,,,,,,,,,,,
2026-04-22,694377-822914-1776808055241,694377,822914,hit,0.7029618739801657,0,0,,,,,,,,,,,,,,,,,,,,,,,,,,,,,,,,,,,,,,,,,,,,,,,,,,
2026-04-22,668804-822914-1776808055335,668804,822914,hit,0.6968551317088885,0,0,,,,,,,,,,,,,,,,,,,,,,,,,,,,,,,,,,,,,,,,,,,,,,,,,,
2026-04-22,669394-822914-1776808055946,669394,822914,hit,0.6535818270789564,1,1,,,,,,,,,,,,,,,,,,,,,,,,,,,,,,,,,,,,,,,,,,,,,,,,,,
2026-04-22,592626-822914-1776808055688,592626,822914,hit,0.6395312509856214,1,1,,,,,,,,,,,,,,,,,,,,,,,,,,,,,,,,,,,,,,,,,,,,,,,,,,
2026-04-22,693304-822914-1776808055062,693304,822914,hit,0.6307642203108925,1,1,,,,,,,,,,,,,,,,,,,,,,,,,,,,,,,,,,,,,,,,,,,,,,,,,,
2026-04-22,804606-822914-1776808055080,804606,822914,hit,0.6282144723786569,0,0,,,,,,,,,,,,,,,,,,,,,,,,,,,,,,,,,,,,,,,,,,,,,,,,,,
2026-04-22,687462-822914-1776808093350,687462,822914,hit,0.6192845050371089,0,0,,,,,,,,,,,,,,,,,,,,,,,,,,,,,,,,,,,,,,,,,,,,,,,,,,
2026-04-22,542303-822914-1776808055068,542303,822914,hit,0.6189431062227961,0,0,,,,,,,,,,,,,,,,,,,,,,,,,,,,,,,,,,,,,,,,,,,,,,,,,,
2026-04-22,608369-822914-1776808055692,608369,822914,hit,0.5812419627070733,1,1,,,,,,,,,,,,,,,,,,,,,,,,,,,,,,,,,,,,,,,,,,,,,,,,,,
2026-04-22,694497-822914-1776808055796,694497,822914,hit,0.5785710769561038,1,1,,,,,,,,,,,,,,,,,,,,,,,,,,,,,,,,,,,,,,,,,,,,,,,,,,
2026-04-22,643376-822914-1776808055772,643376,822914,hit,0.5751353895334366,1,1,,,,,,,,,,,,,,,,,,,,,,,,,,,,,,,,,,,,,,,,,,,,,,,,,,
2026-04-22,669701-822914-1776808056114,669701,822914,hit,0.561236476409519,1,1,,,,,,,,,,,,,,,,,,,,,,,,,,,,,,,,,,,,,,,,,,,,,,,,,,
2026-04-22,680779-822914-1776808055287,680779,822914,hit,0.5449572788986364,0,0,,,,,,,,,,,,,,,,,,,,,,,,,,,,,,,,,,,,,,,,,,,,,,,,,,
2026-04-22,673357-823640-1776808120666,673357,823640,hit,0.7165032478002361,0,0,,,,,,,,,,,,,,,,,,,,,,,,,,,,,,,,,,,,,,,,,,,,,,,,,,
2026-04-22,669004-823640-1776808120916,669004,823640,hit,0.7117456698108917,0,0,,,,,,,,,,,,,,,,,,,,,,,,,,,,,,,,,,,,,,,,,,,,,,,,,,
2026-04-22,682626-823640-1776808120753,682626,823640,hit,0.7025926190218793,0,0,,,,,,,,,,,,,,,,,,,,,,,,,,,,,,,,,,,,,,,,,,,,,,,,,,
2026-04-22,621439-823640-1776808119763,621439,823640,hit,0.6754212581729419,1,1,,,,,,,,,,,,,,,,,,,,,,,,,,,,,,,,,,,,,,,,,,,,,,,,,,
2026-04-22,596019-823640-1776808120629,596019,823640,hit,0.6578632673440084,1,1,,,,,,,,,,,,,,,,,,,,,,,,,,,,,,,,,,,,,,,,,,,,,,,,,,
2026-04-22,666182-823640-1776808120815,666182,823640,hit,0.6462733154159056,1,1,,,,,,,,,,,,,,,,,,,,,,,,,,,,,,,,,,,,,,,,,,,,,,,,,,
2026-04-22,543760-823640-1776808124171,543760,823640,hit,0.6035639518079304,0,0,,,,,,,,,,,,,,,,,,,,,,,,,,,,,,,,,,,,,,,,,,,,,,,,,,
2026-04-22,663616-823640-1776808119897,663616,823640,hit,0.5921017071222763,1,1,,,,,,,,,,,,,,,,,,,,,,,,,,,,,,,,,,,,,,,,,,,,,,,,,,
2026-04-22,680777-823640-1776808120327,680777,823640,hit,0.5808362417114163,0,0,,,,,,,,,,,,,,,,,,,,,,,,,,,,,,,,,,,,,,,,,,,,,,,,,,
2026-04-22,605137-823640-1776808120203,605137,823640,hit,0.5782253255731072,0,0,,,,,,,,,,,,,,,,,,,,,,,,,,,,,,,,,,,,,,,,,,,,,,,,,,
2026-04-22,668904-823640-1776808121740,668904,823640,hit,0.5478304856131835,0,0,,,,,,,,,,,,,,,,,,,,,,,,,,,,,,,,,,,,,,,,,,,,,,,,,,
2026-04-22,683146-823640-1776808120553,683146,823640,hit,0.5438591118987179,1,1,,,,,,,,,,,,,,,,,,,,,,,,,,,,,,,,,,,,,,,,,,,,,,,,,,
2026-04-22,668901-823640-1776808120526,668901,823640,hit,0.4876595317275195,1,1,,,,,,,,,,,,,,,,,,,,,,,,,,,,,,,,,,,,,,,,,,,,,,,,,,
2026-04-22,701807-823640-1776808120728,701807,823640,hit,0.47426860884237465,0,0,,,,,,,,,,,,,,,,,,,,,,,,,,,,,,,,,,,,,,,,,,,,,,,,,,
2026-04-22,686797-823640-1776808120272,686797,823640,hit,0.46776105736203843,0,0,,,,,,,,,,,,,,,,,,,,,,,,,,,,,,,,,,,,,,,,,,,,,,,,,,
2026-04-22,807712-823640-1776808120348,807712,823640,hit,0.45404735664338647,1,1,,,,,,,,,,,,,,,,,,,,,,,,,,,,,,,,,,,,,,,,,,,,,,,,,,
2026-04-22,665019-823640-1776808120614,665019,823640,hit,0.39014284146650524,1,1,,,,,,,,,,,,,,,,,,,,,,,,,,,,,,,,,,,,,,,,,,,,,,,,,,
2026-04-22,670242-823640-1776808120301,670242,823640,hit,0.3744415938530379,1,1,,,,,,,,,,,,,,,,,,,,,,,,,,,,,,,,,,,,,,,,,,,,,,,,,,
2026-04-22,673357-823640-1776808143566,673357,823640,hit,0.7165032478002361,0,0,,,,,,,,,,,,,,,,,,,,,,,,,,,,,,,,,,,,,,,,,,,,,,,,,,
2026-04-22,668930-824290-1776808264219,668930,824290,hit,0.7861814606845261,1,1,,,,,,,,,,,,,,,,,,,,,,,,,,,,,,,,,,,,,,,,,,,,,,,,,,
2026-04-22,693307-824290-1776808339585,693307,824290,home_run,0.2590867538900339,0,,,,,,,,,,,,,,,,,,,,,,,,,,,,,,,,,,,,,,,,,,,,,,,,,,,
2026-04-22,596142-824290-1776808339587,596142,824290,home_run,0.17702109252830478,0,,,,,,,,,,,,,,,,,,,,,,,,,,,,,,,,,,,,,,,,,,,,,,,,,,,
2026-04-22,668930-824290-1776808339586,668930,824290,home_run,0.16204560370025856,0,,,,,,,,,,,,,,,,,,,,,,,,,,,,,,,,,,,,,,,,,,,,,,,,,,,
2026-04-22,641343-824290-1776808339587,641343,824290,home_run,0.1313855368210054,0,,,,,,,,,,,,,,,,,,,,,,,,,,,,,,,,,,,,,,,,,,,,,,,,,,,
2026-04-22,663330-824290-1776808339583,663330,824290,home_run,0.0991979047906194,0,,,,,,,,,,,,,,,,,,,,,,,,,,,,,,,,,,,,,,,,,,,,,,,,,,,
2026-04-22,661388-824290-1776808339587,661388,824290,home_run,0.02149369606106266,0,,,,,,,,,,,,,,,,,,,,,,,,,,,,,,,,,,,,,,,,,,,,,,,,,,,
2026-04-22,650402-824290-1776808339584,650402,824290,home_run,0.021452626268083308,0,,,,,,,,,,,,,,,,,,,,,,,,,,,,,,,,,,,,,,,,,,,,,,,,,,,
2026-04-22,805808-824290-1776808339584,805808,824290,home_run,0.02097761690028188,0,,,,,,,,,,,,,,,,,,,,,,,,,,,,,,,,,,,,,,,,,,,,,,,,,,,
2026-04-22,663837-824290-1776808339585,663837,824290,home_run,0.01975223364216716,0,,,,,,,,,,,,,,,,,,,,,,,,,,,,,,,,,,,,,,,,,,,,,,,,,,,
2026-04-22,669003-824290-1776808339587,669003,824290,home_run,0.019432801966932645,0,,,,,,,,,,,,,,,,,,,,,,,,,,,,,,,,,,,,,,,,,,,,,,,,,,,
2026-04-22,650859-824290-1776808339588,650859,824290,home_run,0.019360517919107423,0,,,,,,,,,,,,,,,,,,,,,,,,,,,,,,,,,,,,,,,,,,,,,,,,,,,
2026-04-22,682985-824290-1776808339586,682985,824290,home_run,0.019272512755796334,0,,,,,,,,,,,,,,,,,,,,,,,,,,,,,,,,,,,,,,,,,,,,,,,,,,,
2026-04-22,701678-824290-1776808339586,701678,824290,home_run,0.01895755720853609,0,,,,,,,,,,,,,,,,,,,,,,,,,,,,,,,,,,,,,,,,,,,,,,,,,,,
2026-04-22,686217-824290-1776808339588,686217,824290,home_run,0.01881821768633396,0,,,,,,,,,,,,,,,,,,,,,,,,,,,,,,,,,,,,,,,,,,,,,,,,,,,
2026-04-22,679529-824290-1776808339585,679529,824290,home_run,0.018473882249590123,0,,,,,,,,,,,,,,,,,,,,,,,,,,,,,,,,,,,,,,,,,,,,,,,,,,,
2026-04-22,595879-824290-1776808339586,595879,824290,home_run,0.018198905875662086,0,,,,,,,,,,,,,,,,,,,,,,,,,,,,,,,,,,,,,,,,,,,,,,,,,,,
2026-04-22,666152-824290-1776808339588,666152,824290,home_run,0.018154034000157804,0,,,,,,,,,,,,,,,,,,,,,,,,,,,,,,,,,,,,,,,,,,,,,,,,,,,
2026-04-22,663368-824290-1776808339589,663368,824290,home_run,0.017834081522319578,0,,,,,,,,,,,,,,,,,,,,,,,,,,,,,,,,,,,,,,,,,,,,,,,,,,,
2026-04-22,668930-824290-1776809036452,668930,824290,hit,0.7869558491283049,1,1,,,,,,,,,,,,,,,,,,,,,,,,,,,,,,,,,,,,,,,,,,,,,,,,,,
2026-04-22,695734-822747-1776809168933,695734,822747,hit,0.8409921522791707,0,0,,,,,,,,,,,,,,,,,,,,,,,,,,,,,,,,,,,,,,,,,,,,,,,,,,
2026-04-22,686948-822747-1776809168844,686948,822747,hit,0.8241533609130081,1,1,,,,,,,,,,,,,,,,,,,,,,,,,,,,,,,,,,,,,,,,,,,,,,,,,,
2026-04-22,682928-822747-1776809168934,682928,822747,hit,0.8090868816159802,0,0,,,,,,,,,,,,,,,,,,,,,,,,,,,,,,,,,,,,,,,,,,,,,,,,,,
2026-04-22,663586-822747-1776809168844,663586,822747,hit,0.78936182432258,0,0,,,,,,,,,,,,,,,,,,,,,,,,,,,,,,,,,,,,,,,,,,,,,,,,,,
2026-04-22,677588-822747-1776809168933,677588,822747,hit,0.7778283111658892,0,0,,,,,,,,,,,,,,,,,,,,,,,,,,,,,,,,,,,,,,,,,,,,,,,,,,
2026-04-22,695578-822747-1776809168934,695578,822747,hit,0.7771647855866116,1,1,,,,,,,,,,,,,,,,,,,,,,,,,,,,,,,,,,,,,,,,,,,,,,,,,,
2026-04-22,671739-822747-1776809168933,671739,822747,hit,0.7716031108967321,1,1,,,,,,,,,,,,,,,,,,,,,,,,,,,,,,,,,,,,,,,,,,,,,,,,,,
2026-04-22,645277-822747-1776809168854,645277,822747,hit,0.7523298053957039,1,1,,,,,,,,,,,,,,,,,,,,,,,,,,,,,,,,,,,,,,,,,,,,,,,,,,
2026-04-22,660670-822747-1776809168734,660670,822747,hit,0.7464347053037581,1,1,,,,,,,,,,,,,,,,,,,,,,,,,,,,,,,,,,,,,,,,,,,,,,,,,,
2026-04-22,643289-822747-1776809168934,643289,822747,hit,0.7260686024024949,1,1,,,,,,,,,,,,,,,,,,,,,,,,,,,,,,,,,,,,,,,,,,,,,,,,,,
2026-04-22,621566-822747-1776809168843,621566,822747,hit,0.719857258976217,0,0,,,,,,,,,,,,,,,,,,,,,,,,,,,,,,,,,,,,,,,,,,,,,,,,,,
2026-04-22,678391-822747-1776809168934,678391,822747,hit,0.716000621690513,0,0,,,,,,,,,,,,,,,,,,,,,,,,,,,,,,,,,,,,,,,,,,,,,,,,,,
2026-04-22,696285-822747-1776809168935,696285,822747,hit,0.7095976109035639,1,1,,,,,,,,,,,,,,,,,,,,,,,,,,,,,,,,,,,,,,,,,,,,,,,,,,
2026-04-22,641680-822747-1776809168932,641680,822747,hit,0.6845212222587351,1,1,,,,,,,,,,,,,,,,,,,,,,,,,,,,,,,,,,,,,,,,,,,,,,,,,,
2026-04-22,642201-822747-1776809168853,642201,822747,hit,0.6457782699633339,1,1,,,,,,,,,,,,,,,,,,,,,,,,,,,,,,,,,,,,,,,,,,,,,,,,,,
2026-04-22,686452-822747-1776809168844,686452,822747,hit,0.5910880010409758,1,1,,,,,,,,,,,,,,,,,,,,,,,,,,,,,,,,,,,,,,,,,,,,,,,,,,
2026-04-22,671277-822747-1776809168934,671277,822747,hit,0.5816663153412978,1,1,,,,,,,,,,,,,,,,,,,,,,,,,,,,,,,,,,,,,,,,,,,,,,,,,,
2026-04-22,683083-822747-1776809168935,683083,822747,hit,0.5760970199055033,1,1,,,,,,,,,,,,,,,,,,,,,,,,,,,,,,,,,,,,,,,,,,,,,,,,,,
2026-04-22,677951-824127-1776809286218,677951,824127,hit,0.8155950189121163,1,1,,,,,,,,,,,,,,,,,,,,,,,,,,,,,,,,,,,,,,,,,,,,,,,,,,
2026-04-22,621493-824127-1776809286094,621493,824127,hit,0.7957416492483071,0,0,,,,,,,,,,,,,,,,,,,,,,,,,,,,,,,,,,,,,,,,,,,,,,,,,,
2026-04-22,669236-824127-1776809286217,669236,824127,hit,0.7708329468092161,1,1,,,,,,,,,,,,,,,,,,,,,,,,,,,,,,,,,,,,,,,,,,,,,,,,,,
2026-04-22,695506-824127-1776809286218,695506,824127,hit,0.7422913484492741,0,0,,,,,,,,,,,,,,,,,,,,,,,,,,,,,,,,,,,,,,,,,,,,,,,,,,
2026-04-22,672580-824127-1776809286218,672580,824127,hit,0.7241089080475569,1,1,,,,,,,,,,,,,,,,,,,,,,,,,,,,,,,,,,,,,,,,,,,,,,,,,,
2026-04-22,695600-824127-1776809286217,695600,824127,hit,0.6904784570534572,1,1,,,,,,,,,,,,,,,,,,,,,,,,,,,,,,,,,,,,,,,,,,,,,,,,,,
2026-04-22,642215-824127-1776809286214,642215,824127,hit,0.6236985598636546,1,1,,,,,,,,,,,,,,,,,,,,,,,,,,,,,,,,,,,,,,,,,,,,,,,,,,
2026-04-22,665750-824127-1776809286183,665750,824127,hit,0.6121617004789902,0,0,,,,,,,,,,,,,,,,,,,,,,,,,,,,,,,,,,,,,,,,,,,,,,,,,,
2026-04-22,521692-824127-1776809286218,521692,824127,hit,0.567118697368562,1,1,,,,,,,,,,,,,,,,,,,,,,,,,,,,,,,,,,,,,,,,,,,,,,,,,,
2026-04-22,686555-824127-1776809286198,686555,824127,hit,0.5614047060226394,0,0,,,,,,,,,,,,,,,,,,,,,,,,,,,,,,,,,,,,,,,,,,,,,,,,,,
2026-04-22,668939-824127-1776809286178,668939,824127,hit,0.5429381398795614,1,1,,,,,,,,,,,,,,,,,,,,,,,,,,,,,,,,,,,,,,,,,,,,,,,,,,
2026-04-22,683002-824127-1776809286142,683002,824127,hit,0.5020232240781146,1,1,,,,,,,,,,,,,,,,,,,,,,,,,,,,,,,,,,,,,,,,,,,,,,,,,,
2026-04-22,686681-824127-1776809286184,686681,824127,hit,0.4977156454090875,1,1,,,,,,,,,,,,,,,,,,,,,,,,,,,,,,,,,,,,,,,,,,,,,,,,,,
2026-04-22,624413-824127-1776809286216,624413,824127,hit,0.49044671895669256,1,1,,,,,,,,,,,,,,,,,,,,,,,,,,,,,,,,,,,,,,,,,,,,,,,,,,
2026-04-22,686469-824127-1776809286216,686469,824127,hit,0.4423834139620084,0,0,,,,,,,,,,,,,,,,,,,,,,,,,,,,,,,,,,,,,,,,,,,,,,,,,,
2026-04-22,664728-824127-1776809286198,664728,824127,hit,0.43303223779658373,1,1,,,,,,,,,,,,,,,,,,,,,,,,,,,,,,,,,,,,,,,,,,,,,,,,,,
2026-04-22,677942-824127-1776809286216,677942,824127,hit,0.4182609449932537,0,0,,,,,,,,,,,,,,,,,,,,,,,,,,,,,,,,,,,,,,,,,,,,,,,,,,
2026-04-22,691723-824127-1776809286215,691723,824127,hit,0.37171923963134,1,1,,,,,,,,,,,,,,,,,,,,,,,,,,,,,,,,,,,,,,,,,,,,,,,,,,
2026-04-22,807799-824773-1776809414845,807799,824773,hit,0.8181515284267324,0,0,,,,,,,,,,,,,,,,,,,,,,,,,,,,,,,,,,,,,,,,,,,,,,,,,,
2026-04-22,700250-824773-1776809414917,700250,824773,hit,0.7685869842201398,0,0,,,,,,,,,,,,,,,,,,,,,,,,,,,,,,,,,,,,,,,,,,,,,,,,,,
2026-04-22,575929-824773-1776809414844,575929,824773,hit,0.7165734333827738,1,1,,,,,,,,,,,,,,,,,,,,,,,,,,,,,,,,,,,,,,,,,,,,,,,,,,
2026-04-22,701350-824773-1776809414842,701350,824773,hit,0.7071173721132327,0,0,,,,,,,,,,,,,,,,,,,,,,,,,,,,,,,,,,,,,,,,,,,,,,,,,,
2026-04-22,678882-824773-1776809414843,678882,824773,hit,0.6953762011738767,1,1,,,,,,,,,,,,,,,,,,,,,,,,,,,,,,,,,,,,,,,,,,,,,,,,,,
2026-04-22,641355-824773-1776809414912,641355,824773,hit,0.6798161124864142,1,1,,,,,,,,,,,,,,,,,,,,,,,,,,,,,,,,,,,,,,,,,,,,,,,,,,
2026-04-22,677800-824773-1776809414840,677800,824773,hit,0.6678102558914363,0,0,,,,,,,,,,,,,,,,,,,,,,,,,,,,,,,,,,,,,,,,,,,,,,,,,,
2026-04-22,596115-824773-1776809414848,596115,824773,hit,0.6606195870711733,0,0,,,,,,,,,,,,,,,,,,,,,,,,,,,,,,,,,,,,,,,,,,,,,,,,,,
2026-04-22,592450-824773-1776809414922,592450,824773,hit,0.6291721062736064,1,1,,,,,,,,,,,,,,,,,,,,,,,,,,,,,,,,,,,,,,,,,,,,,,,,,,
2026-04-22,642708-824773-1776809414846,642708,824773,hit,0.6154779031814221,0,0,,,,,,,,,,,,,,,,,,,,,,,,,,,,,,,,,,,,,,,,,,,,,,,,,,
2026-04-22,676609-824773-1776809414936,676609,824773,hit,0.5705030560523148,1,1,,,,,,,,,,,,,,,,,,,,,,,,,,,,,,,,,,,,,,,,,,,,,,,,,,
2026-04-22,702332-824773-1776809414850,702332,824773,hit,0.5486365080710354,0,0,,,,,,,,,,,,,,,,,,,,,,,,,,,,,,,,,,,,,,,,,,,,,,,,,,
2026-04-22,665966-824773-1776809414850,665966,824773,hit,0.5261228082581325,1,1,,,,,,,,,,,,,,,,,,,,,,,,,,,,,,,,,,,,,,,,,,,,,,,,,,
2026-04-22,691785-824773-1776809414849,691785,824773,hit,0.484191821724537,1,1,,,,,,,,,,,,,,,,,,,,,,,,,,,,,,,,,,,,,,,,,,,,,,,,,,
2026-04-22,669224-824773-1776809414931,669224,824773,hit,0.41665674885507975,1,1,,,,,,,,,,,,,,,,,,,,,,,,,,,,,,,,,,,,,,,,,,,,,,,,,,
2026-04-22,545341-824773-1776809414913,545341,824773,hit,0.3659232801247889,1,1,,,,,,,,,,,,,,,,,,,,,,,,,,,,,,,,,,,,,,,,,,,,,,,,,,
2026-04-22,519317-824773-1776809414929,519317,824773,hit,0.35571670567365643,1,1,,,,,,,,,,,,,,,,,,,,,,,,,,,,,,,,,,,,,,,,,,,,,,,,,,
2026-04-22,665862-824773-1776809414937,665862,824773,hit,0.331103519231678,1,1,,,,,,,,,,,,,,,,,,,,,,,,,,,,,,,,,,,,,,,,,,,,,,,,,,
2026-04-22,807799-824773-1776809841238,807799,824773,hit,0.8181515284267324,0,0,,,,,,,,,,,,,,,,,,,,,,,,,,,,,,,,,,,,,,,,,,,,,,,,,,
2026-04-22,807799-824773-1776809864652,807799,824773,hit,0.8181515284267324,0,0,,,,,,,,,,,,,,,,,,,,,,,,,,,,,,,,,,,,,,,,,,,,,,,,,,
2026-04-22,807799-824773-1776810039918,807799,824773,hit,0.8181515284267324,0,0,,,,,,,,,,,,,,,,,,,,,,,,,,,,,,,,,,,,,,,,,,,,,,,,,,
2026-04-22,668930-824290-1776810597945,668930,824290,hit,0.6852590324958434,1,1,,,,,,,,,,,,,,,,,,,,,,,,,,,,,,,,,,,,,,,,,,,,,,,,,,
2026-04-22,807799-824773-1776810619642,807799,824773,hit,0.6783707049268597,0,0,,,,,,,,,,,,,,,,,,,,,,,,,,,,,,,,,,,,,,,,,,,,,,,,,,
2026-04-22,669065-823880-1776810656046,669065,823880,hit,0.6993165068253083,0,0,,,,,,,,,,,,,,,,,,,,,,,,,,,,,,,,,,,,,,,,,,,,,,,,,,
2026-04-22,671655-824448-1776811051895,671655,824448,hit,0.7195306807381153,1,1,,,,,,,,,,,,,,,,,,,,,,,,,,,,,,,,,,,,,,,,,,,,,,,,,,
2026-04-22,670541-824448-1776811051964,670541,824448,hit,0.7112073081788426,1,1,,,,,,,,,,,,,,,,,,,,,,,,,,,,,,,,,,,,,,,,,,,,,,,,,,
2026-04-22,608070-824448-1776811051896,608070,824448,hit,0.708195684394551,1,1,,,,,,,,,,,,,,,,,,,,,,,,,,,,,,,,,,,,,,,,,,,,,,,,,,
2026-04-22,682177-824448-1776811051895,682177,824448,hit,0.7075401345447992,1,1,,,,,,,,,,,,,,,,,,,,,,,,,,,,,,,,,,,,,,,,,,,,,,,,,,
2026-04-22,677587-824448-1776811051895,677587,824448,hit,0.6866097439591696,1,1,,,,,,,,,,,,,,,,,,,,,,,,,,,,,,,,,,,,,,,,,,,,,,,,,,
2026-04-22,680757-824448-1776811051896,680757,824448,hit,0.6730076802502029,1,1,,,,,,,,,,,,,,,,,,,,,,,,,,,,,,,,,,,,,,,,,,,,,,,,,,
2026-04-22,682657-824448-1776811051894,682657,824448,hit,0.660273278564244,1,1,,,,,,,,,,,,,,,,,,,,,,,,,,,,,,,,,,,,,,,,,,,,,,,,,,
2026-04-22,595978-824448-1776811051894,595978,824448,hit,0.6598693833356873,1,1,,,,,,,,,,,,,,,,,,,,,,,,,,,,,,,,,,,,,,,,,,,,,,,,,,
2026-04-22,700932-824448-1776811051893,700932,824448,hit,0.6370139065011029,1,1,,,,,,,,,,,,,,,,,,,,,,,,,,,,,,,,,,,,,,,,,,,,,,,,,,
2026-04-22,514888-824448-1776811051962,514888,824448,hit,0.6294377654829537,0,0,,,,,,,,,,,,,,,,,,,,,,,,,,,,,,,,,,,,,,,,,,,,,,,,,,
2026-04-22,800050-824448-1776811051893,800050,824448,hit,0.6216824956597977,1,1,,,,,,,,,,,,,,,,,,,,,,,,,,,,,,,,,,,,,,,,,,,,,,,,,,
2026-04-22,621043-824448-1776811051963,621043,824448,hit,0.6120831005220344,1,1,,,,,,,,,,,,,,,,,,,,,,,,,,,,,,,,,,,,,,,,,,,,,,,,,,
2026-04-22,572233-824448-1776811051963,572233,824448,hit,0.529290759417418,0,0,,,,,,,,,,,,,,,,,,,,,,,,,,,,,,,,,,,,,,,,,,,,,,,,,,
2026-04-22,701358-824448-1776811051964,701358,824448,hit,0.5274042548057256,1,1,,,,,,,,,,,,,,,,,,,,,,,,,,,,,,,,,,,,,,,,,,,,,,,,,,
2026-04-22,670623-824448-1776811051963,670623,824448,hit,0.5265728906158035,1,1,,,,,,,,,,,,,,,,,,,,,,,,,,,,,,,,,,,,,,,,,,,,,,,,,,
2026-04-22,673237-824448-1776811051963,673237,824448,hit,0.5016518783784238,1,1,,,,,,,,,,,,,,,,,,,,,,,,,,,,,,,,,,,,,,,,,,,,,,,,,,
2026-04-22,687957-824448-1776811051963,687957,824448,hit,0.4396448381905338,0,0,,,,,,,,,,,,,,,,,,,,,,,,,,,,,,,,,,,,,,,,,,,,,,,,,,
2026-04-22,694728-824448-1776811051963,694728,824448,hit,0.4375725253699301,1,1,,,,,,,,,,,,,,,,,,,,,,,,,,,,,,,,,,,,,,,,,,,,,,,,,,
2026-04-22,807799-824773-1776811637568,807799,824773,hit,0.6783707049268597,0,0,,,,,,,,,,,,,,,,,,,,,,,,,,,,,,,,,,,,,,,,,,,,,,,,,,
2026-04-22,807799-824773-1776814172203,807799,824773,hit,0.6632246467761204,0,0,,,,,,,,,,,,,,,,,,,,,,,,,,,,,,,,,,,,,,,,,,,,,,,,,,
2026-04-22,666160-824369-1776814789364,666160,824369,home_run,0.3202414716188646,0,,,,,,,,,,,,,,,,,,,,,,,,,,,,,,,,,,,,,,,,,,,,,,,,,,,
2026-04-22,696100-824369-1776814789898,696100,824369,home_run,0.22352892362660137,0,,,,,,,,,,,,,,,,,,,,,,,,,,,,,,,,,,,,,,,,,,,,,,,,,,,
2026-04-22,687597-824369-1776814789383,687597,824369,home_run,0.10589192895397359,0,,,,,,,,,,,,,,,,,,,,,,,,,,,,,,,,,,,,,,,,,,,,,,,,,,,
2026-04-22,691720-824369-1776814789371,691720,824369,home_run,0.10523744924510148,0,,,,,,,,,,,,,,,,,,,,,,,,,,,,,,,,,,,,,,,,,,,,,,,,,,,
2026-04-22,681198-824369-1776814789485,681198,824369,home_run,0.041236017278010184,0,,,,,,,,,,,,,,,,,,,,,,,,,,,,,,,,,,,,,,,,,,,,,,,,,,,
2026-04-22,657656-824369-1776814789440,657656,824369,home_run,0.02138380464764189,0,,,,,,,,,,,,,,,,,,,,,,,,,,,,,,,,,,,,,,,,,,,,,,,,,,,
2026-04-22,701538-824369-1776814789412,701538,824369,home_run,0.020998260530915025,0,,,,,,,,,,,,,,,,,,,,,,,,,,,,,,,,,,,,,,,,,,,,,,,,,,,
2026-04-22,666397-824369-1776814789409,666397,824369,home_run,0.02014307584362307,0,,,,,,,,,,,,,,,,,,,,,,,,,,,,,,,,,,,,,,,,,,,,,,,,,,,
2026-04-22,657757-824369-1776814789675,657757,824369,home_run,0.019867835951920543,0,,,,,,,,,,,,,,,,,,,,,,,,,,,,,,,,,,,,,,,,,,,,,,,,,,,
2026-04-22,593428-824369-1776814789488,593428,824369,home_run,0.019520058311094712,0,,,,,,,,,,,,,,,,,,,,,,,,,,,,,,,,,,,,,,,,,,,,,,,,,,,
2026-04-22,678662-824369-1776814789460,678662,824369,home_run,0.019400610459736845,0,,,,,,,,,,,,,,,,,,,,,,,,,,,,,,,,,,,,,,,,,,,,,,,,,,,
2026-04-22,609280-824369-1776814789421,609280,824369,home_run,0.019321433359244078,0,,,,,,,,,,,,,,,,,,,,,,,,,,,,,,,,,,,,,,,,,,,,,,,,,,,
2026-04-22,665487-824369-1776814789434,665487,824369,home_run,0.0192810884489506,0,,,,,,,,,,,,,,,,,,,,,,,,,,,,,,,,,,,,,,,,,,,,,,,,,,,
2026-04-22,687859-824369-1776814789379,687859,824369,home_run,0.01921715030159865,0,,,,,,,,,,,,,,,,,,,,,,,,,,,,,,,,,,,,,,,,,,,,,,,,,,,
2026-04-22,592518-824369-1776814789388,592518,824369,home_run,0.017745058025629756,0,,,,,,,,,,,,,,,,,,,,,,,,,,,,,,,,,,,,,,,,,,,,,,,,,,,
2026-04-22,686668-824369-1776814789966,686668,824369,home_run,0.01728208241815299,0,,,,,,,,,,,,,,,,,,,,,,,,,,,,,,,,,,,,,,,,,,,,,,,,,,,
2026-04-22,630105-824369-1776814789411,630105,824369,home_run,0.01664529874367693,0,,,,,,,,,,,,,,,,,,,,,,,,,,,,,,,,,,,,,,,,,,,,,,,,,,,
2026-04-22,666023-824369-1776814789422,666023,824369,home_run,0.01608774059291973,0,,,,,,,,,,,,,,,,,,,,,,,,,,,,,,,,,,,,,,,,,,,,,,,,,,,
2026-04-22,665833-822914-1776814855958,665833,822914,home_run,0.22861763938755164,0,,,,,,,,,,,,,,,,,,,,,,,,,,,,,,,,,,,,,,,,,,,,,,,,,,,
2026-04-22,656811-822914-1776814856637,656811,822914,home_run,0.168011084063445,0,,,,,,,,,,,,,,,,,,,,,,,,,,,,,,,,,,,,,,,,,,,,,,,,,,,
2026-04-22,608369-822914-1776814855431,608369,822914,home_run,0.11714117599791074,0,,,,,,,,,,,,,,,,,,,,,,,,,,,,,,,,,,,,,,,,,,,,,,,,,,,
2026-04-22,542303-822914-1776814855946,542303,822914,home_run,0.06383264731588256,0,,,,,,,,,,,,,,,,,,,,,,,,,,,,,,,,,,,,,,,,,,,,,,,,,,,
2026-04-22,669394-822914-1776814855276,669394,822914,home_run,0.05637179636547873,0,,,,,,,,,,,,,,,,,,,,,,,,,,,,,,,,,,,,,,,,,,,,,,,,,,,
2026-04-22,663968-822914-1776814856271,663968,822914,home_run,0.04885019129411161,0,,,,,,,,,,,,,,,,,,,,,,,,,,,,,,,,,,,,,,,,,,,,,,,,,,,
2026-04-22,668804-822914-1776814855867,668804,822914,home_run,0.02824519222838584,0,,,,,,,,,,,,,,,,,,,,,,,,,,,,,,,,,,,,,,,,,,,,,,,,,,,
2026-04-22,694671-822914-1776814855592,694671,822914,home_run,0.021295187187015507,0,,,,,,,,,,,,,,,,,,,,,,,,,,,,,,,,,,,,,,,,,,,,,,,,,,,
2026-04-22,607043-822914-1776814857503,607043,822914,home_run,0.020610561872650646,0,,,,,,,,,,,,,,,,,,,,,,,,,,,,,,,,,,,,,,,,,,,,,,,,,,,
2026-04-22,693304-822914-1776814856378,693304,822914,home_run,0.019869708700227307,0,,,,,,,,,,,,,,,,,,,,,,,,,,,,,,,,,,,,,,,,,,,,,,,,,,,
2026-04-22,673962-822914-1776814855336,673962,822914,home_run,0.018756804262957005,0,,,,,,,,,,,,,,,,,,,,,,,,,,,,,,,,,,,,,,,,,,,,,,,,,,,
2026-04-22,694377-822914-1776814855861,694377,822914,home_run,0.018507654481224933,0,,,,,,,,,,,,,,,,,,,,,,,,,,,,,,,,,,,,,,,,,,,,,,,,,,,
2026-04-22,643376-822914-1776814855240,643376,822914,home_run,0.01802485326808112,0,,,,,,,,,,,,,,,,,,,,,,,,,,,,,,,,,,,,,,,,,,,,,,,,,,,
2026-04-22,804606-822914-1776814856522,804606,822914,home_run,0.01771332756580779,0,,,,,,,,,,,,,,,,,,,,,,,,,,,,,,,,,,,,,,,,,,,,,,,,,,,
2026-04-22,592626-822914-1776814855523,592626,822914,home_run,0.017600836396121644,0,,,,,,,,,,,,,,,,,,,,,,,,,,,,,,,,,,,,,,,,,,,,,,,,,,,
2026-04-22,669701-822914-1776814856876,669701,822914,home_run,0.01658741853667589,0,,,,,,,,,,,,,,,,,,,,,,,,,,,,,,,,,,,,,,,,,,,,,,,,,,,
2026-04-22,680779-822914-1776814855589,680779,822914,home_run,0.016345635265700098,0,,,,,,,,,,,,,,,,,,,,,,,,,,,,,,,,,,,,,,,,,,,,,,,,,,,
2026-04-22,694497-822914-1776814855181,694497,822914,home_run,0.016020440318392892,0,,,,,,,,,,,,,,,,,,,,,,,,,,,,,,,,,,,,,,,,,,,,,,,,,,,
2026-04-22,687221-823236-1776814899909,687221,823236,home_run,0.421828935819478,0,,,,,,,,,,,,,,,,,,,,,,,,,,,,,,,,,,,,,,,,,,,,,,,,,,,
2026-04-22,571970-823236-1776814899549,571970,823236,home_run,0.21163734504387655,0,,,,,,,,,,,,,,,,,,,,,,,,,,,,,,,,,,,,,,,,,,,,,,,,,,,
2026-04-22,642715-823236-1776814899590,642715,823236,home_run,0.02164165083090963,0,,,,,,,,,,,,,,,,,,,,,,,,,,,,,,,,,,,,,,,,,,,,,,,,,,,
2026-04-22,656305-823236-1776814899727,656305,823236,home_run,0.020889573191882005,0,,,,,,,,,,,,,,,,,,,,,,,,,,,,,,,,,,,,,,,,,,,,,,,,,,,
2026-04-22,518692-823236-1776814899715,518692,823236,home_run,0.020683572535273864,0,,,,,,,,,,,,,,,,,,,,,,,,,,,,,,,,,,,,,,,,,,,,,,,,,,,
2026-04-22,650333-823236-1776814900038,650333,823236,home_run,0.02065777661676571,0,,,,,,,,,,,,,,,,,,,,,,,,,,,,,,,,,,,,,,,,,,,,,,,,,,,
2026-04-22,606192-823236-1776814899534,606192,823236,home_run,0.020537876304060676,0,,,,,,,,,,,,,,,,,,,,,,,,,,,,,,,,,,,,,,,,,,,,,,,,,,,
2026-04-22,646240-823236-1776814899723,646240,823236,home_run,0.02046367138447891,0,,,,,,,,,,,,,,,,,,,,,,,,,,,,,,,,,,,,,,,,,,,,,,,,,,,
2026-04-22,663656-823236-1776814899594,663656,823236,home_run,0.020006983299008962,0,,,,,,,,,,,,,,,,,,,,,,,,,,,,,,,,,,,,,,,,,,,,,,,,,,,
2026-04-22,669477-823236-1776814901354,669477,823236,home_run,0.019708130477707697,0,,,,,,,,,,,,,,,,,,,,,,,,,,,,,,,,,,,,,,,,,,,,,,,,,,,
2026-04-22,671218-823236-1776814899871,671218,823236,home_run,0.018848225013785913,0,,,,,,,,,,,,,,,,,,,,,,,,,,,,,,,,,,,,,,,,,,,,,,,,,,,
2026-04-22,660271-823236-1776814899559,660271,823236,home_run,0.018600950054426524,0,,,,,,,,,,,,,,,,,,,,,,,,,,,,,,,,,,,,,,,,,,,,,,,,,,,
2026-04-22,808982-823236-1776814899397,808982,823236,home_run,0.018518534069858594,0,,,,,,,,,,,,,,,,,,,,,,,,,,,,,,,,,,,,,,,,,,,,,,,,,,,
2026-04-22,672275-823236-1776814899732,672275,823236,home_run,0.017542965067192218,0,,,,,,,,,,,,,,,,,,,,,,,,,,,,,,,,,,,,,,,,,,,,,,,,,,,
2026-04-22,690976-823236-1776814900234,690976,823236,home_run,0.017465739247641165,0,,,,,,,,,,,,,,,,,,,,,,,,,,,,,,,,,,,,,,,,,,,,,,,,,,,
2026-04-22,687551-823236-1776814899383,687551,823236,home_run,0.01731709975987894,0,,,,,,,,,,,,,,,,,,,,,,,,,,,,,,,,,,,,,,,,,,,,,,,,,,,
2026-04-22,808975-823236-1776814899708,808975,823236,home_run,0.016724957456353606,0,,,,,,,,,,,,,,,,,,,,,,,,,,,,,,,,,,,,,,,,,,,,,,,,,,,
2026-04-22,669743-823236-1776814899527,669743,823236,home_run,0.01520754144723302,0,,,,,,,,,,,,,,,,,,,,,,,,,,,,,,,,,,,,,,,,,,,,,,,,,,,
2026-04-22,701762-823148-1776814998651,701762,823148,home_run,0.11151920331118392,0,,,,,,,,,,,,,,,,,,,,,,,,,,,,,,,,,,,,,,,,,,,,,,,,,,,
2026-04-22,666126-823148-1776814999849,666126,823148,home_run,0.06751398392390962,0,,,,,,,,,,,,,,,,,,,,,,,,,,,,,,,,,,,,,,,,,,,,,,,,,,,
2026-04-22,608701-823148-1776814999322,608701,823148,home_run,0.060993129357117315,0,,,,,,,,,,,,,,,,,,,,,,,,,,,,,,,,,,,,,,,,,,,,,,,,,,,
2026-04-22,669127-823148-1776814998838,669127,823148,home_run,0.026604558221415497,1,,,,,,,,,,,,,,,,,,,,,,,,,,,,,,,,,,,,,,,,,,,,,,,,,,,
2026-04-22,805779-823148-1776815000259,805779,823148,home_run,0.020418230214247712,0,,,,,,,,,,,,,,,,,,,,,,,,,,,,,,,,,,,,,,,,,,,,,,,,,,,
2026-04-22,663728-823148-1776814999329,663728,823148,home_run,0.02007308687124676,1,,,,,,,,,,,,,,,,,,,,,,,,,,,,,,,,,,,,,,,,,,,,,,,,,,,
2026-04-22,691016-823148-1776814998913,691016,823148,home_run,0.019828386759144778,0,,,,,,,,,,,,,,,,,,,,,,,,,,,,,,,,,,,,,,,,,,,,,,,,,,,
2026-04-22,647304-823148-1776814999355,647304,823148,home_run,0.01971280538031084,0,,,,,,,,,,,,,,,,,,,,,,,,,,,,,,,,,,,,,,,,,,,,,,,,,,,
2026-04-22,677594-823148-1776815000248,677594,823148,home_run,0.01943098326664716,0,,,,,,,,,,,,,,,,,,,,,,,,,,,,,,,,,,,,,,,,,,,,,,,,,,,
2026-04-22,691777-823148-1776814998814,691777,823148,home_run,0.01845544379987929,0,,,,,,,,,,,,,,,,,,,,,,,,,,,,,,,,,,,,,,,,,,,,,,,,,,,
2026-04-22,671732-823148-1776814998997,671732,823148,home_run,0.01819164182662325,0,,,,,,,,,,,,,,,,,,,,,,,,,,,,,,,,,,,,,,,,,,,,,,,,,,,
2026-04-22,643446-823148-1776814998955,643446,823148,home_run,0.018180299652045262,1,,,,,,,,,,,,,,,,,,,,,,,,,,,,,,,,,,,,,,,,,,,,,,,,,,,
2026-04-22,668227-823148-1776815000252,668227,823148,home_run,0.018112409670946628,0,,,,,,,,,,,,,,,,,,,,,,,,,,,,,,,,,,,,,,,,,,,,,,,,,,,
2026-04-22,680869-823148-1776814998808,680869,823148,home_run,0.017878717611006123,0,,,,,,,,,,,,,,,,,,,,,,,,,,,,,,,,,,,,,,,,,,,,,,,,,,,
2026-04-22,702284-823148-1776815000255,702284,823148,home_run,0.016998090014848644,0,,,,,,,,,,,,,,,,,,,,,,,,,,,,,,,,,,,,,,,,,,,,,,,,,,,
2026-04-22,641598-823148-1776815000257,641598,823148,home_run,0.016587027598526594,0,,,,,,,,,,,,,,,,,,,,,,,,,,,,,,,,,,,,,,,,,,,,,,,,,,,
2026-04-22,641487-823148-1776814999656,641487,823148,home_run,0.016233223757954218,0,,,,,,,,,,,,,,,,,,,,,,,,,,,,,,,,,,,,,,,,,,,,,,,,,,,
2026-04-22,660844-823148-1776814999458,660844,823148,home_run,0.015408317927315895,0,,,,,,,,,,,,,,,,,,,,,,,,,,,,,,,,,,,,,,,,,,,,,,,,,,,
2026-04-22,545361-824045-1776815014880,545361,824045,home_run,0.3540478807519263,0,,,,,,,,,,,,,,,,,,,,,,,,,,,,,,,,,,,,,,,,,,,,,,,,,,,
2026-04-22,624585-824045-1776815015145,624585,824045,home_run,0.21237984400500043,0,,,,,,,,,,,,,,,,,,,,,,,,,,,,,,,,,,,,,,,,,,,,,,,,,,,
2026-04-22,672724-824045-1776815014862,672724,824045,home_run,0.20260701229364886,0,,,,,,,,,,,,,,,,,,,,,,,,,,,,,,,,,,,,,,,,,,,,,,,,,,,
2026-04-22,666176-824045-1776815015172,666176,824045,home_run,0.20194962331229838,0,,,,,,,,,,,,,,,,,,,,,,,,,,,,,,,,,,,,,,,,,,,,,,,,,,,
2026-04-22,687263-824045-1776815014888,687263,824045,home_run,0.09777864611663267,0,,,,,,,,,,,,,,,,,,,,,,,,,,,,,,,,,,,,,,,,,,,,,,,,,,,
2026-04-22,669326-824045-1776815014970,669326,824045,home_run,0.07176590893535528,0,,,,,,,,,,,,,,,,,,,,,,,,,,,,,,,,,,,,,,,,,,,,,,,,,,,
2026-04-22,681351-824045-1776815016259,681351,824045,home_run,0.0705860326335993,0,,,,,,,,,,,,,,,,,,,,,,,,,,,,,,,,,,,,,,,,,,,,,,,,,,,
2026-04-22,665489-824045-1776815014887,665489,824045,home_run,0.050655973966290735,0,,,,,,,,,,,,,,,,,,,,,,,,,,,,,,,,,,,,,,,,,,,,,,,,,,,
2026-04-22,687093-824045-1776815015903,687093,824045,home_run,0.03769774009094928,0,,,,,,,,,,,,,,,,,,,,,,,,,,,,,,,,,,,,,,,,,,,,,,,,,,,
2026-04-22,664770-824045-1776815014933,664770,824045,home_run,0.02208301476781871,0,,,,,,,,,,,,,,,,,,,,,,,,,,,,,,,,,,,,,,,,,,,,,,,,,,,
2026-04-22,676391-824045-1776815015082,676391,824045,home_run,0.021761449427190493,0,,,,,,,,,,,,,,,,,,,,,,,,,,,,,,,,,,,,,,,,,,,,,,,,,,,
2026-04-22,660821-824045-1776815015383,660821,824045,home_run,0.01987214610562582,0,,,,,,,,,,,,,,,,,,,,,,,,,,,,,,,,,,,,,,,,,,,,,,,,,,,
2026-04-22,650391-824045-1776815014884,650391,824045,home_run,0.019673158281076852,0,,,,,,,,,,,,,,,,,,,,,,,,,,,,,,,,,,,,,,,,,,,,,,,,,,,
2026-04-22,662139-824045-1776815015176,662139,824045,home_run,0.01892583309628637,0,,,,,,,,,,,,,,,,,,,,,,,,,,,,,,,,,,,,,,,,,,,,,,,,,,,
2026-04-22,665926-824045-1776815015094,665926,824045,home_run,0.018534561553960938,0,,,,,,,,,,,,,,,,,,,,,,,,,,,,,,,,,,,,,,,,,,,,,,,,,,,
2026-04-22,672960-824045-1776815014991,672960,824045,home_run,0.018476541708214445,0,,,,,,,,,,,,,,,,,,,,,,,,,,,,,,,,,,,,,,,,,,,,,,,,,,,
2026-04-22,678218-824045-1776815014929,678218,824045,home_run,0.018201651291753995,0,,,,,,,,,,,,,,,,,,,,,,,,,,,,,,,,,,,,,,,,,,,,,,,,,,,
2026-04-22,694384-824045-1776815015380,694384,824045,home_run,0.018077696016795874,0,,,,,,,,,,,,,,,,,,,,,,,,,,,,,,,,,,,,,,,,,,,,,,,,,,,
2026-04-22,666160-824369-1776815402468,666160,824369,hit,0.7552582962589253,1,1,,,,,,,,,,,,,,,,,,,,,,,,,,,,,,,,,,,,,,,,,,,,,,,,,,
2026-04-22,545361-824045-1776816004543,545361,824045,home_run,0.35374082642490234,0,,,,,,,,,,,,,,,,,,,,,,,,,,,,,,,,,,,,,,,,,,,,,,,,,,,
2026-04-22,666160-824369-1776816691882,666160,824369,home_run,0.3164289175086844,0,,,,,,,,,,,,,,,,,,,,,,,,,,,,,,,,,,,,,,,,,,,,,,,,,,,
2026-04-22,660271-823236-1776816785878,660271,823236,home_run,0.018600950054426524,0,,,,,,,,,,,,,,,,,,,,,,,,,,,,,,,,,,,,,,,,,,,,,,,,,,,
2026-04-22,687221-823236-1776816805884,687221,823236,home_run,0.421828935819478,0,,,,,,,,,,,,,,,,,,,,,,,,,,,,,,,,,,,,,,,,,,,,,,,,,,,
2026-04-22,571970-823236-1776816805889,571970,823236,home_run,0.21163734504387655,0,,,,,,,,,,,,,,,,,,,,,,,,,,,,,,,,,,,,,,,,,,,,,,,,,,,
2026-04-22,642715-823236-1776816805982,642715,823236,home_run,0.02164165083090963,0,,,,,,,,,,,,,,,,,,,,,,,,,,,,,,,,,,,,,,,,,,,,,,,,,,,
2026-04-22,656305-823236-1776816805970,656305,823236,home_run,0.020889573191882005,0,,,,,,,,,,,,,,,,,,,,,,,,,,,,,,,,,,,,,,,,,,,,,,,,,,,
2026-04-22,518692-823236-1776816805891,518692,823236,home_run,0.020683572535273864,0,,,,,,,,,,,,,,,,,,,,,,,,,,,,,,,,,,,,,,,,,,,,,,,,,,,
2026-04-22,650333-823236-1776816805978,650333,823236,home_run,0.02065777661676571,0,,,,,,,,,,,,,,,,,,,,,,,,,,,,,,,,,,,,,,,,,,,,,,,,,,,
2026-04-22,606192-823236-1776816805890,606192,823236,home_run,0.020537876304060676,0,,,,,,,,,,,,,,,,,,,,,,,,,,,,,,,,,,,,,,,,,,,,,,,,,,,
2026-04-22,646240-823236-1776816805956,646240,823236,home_run,0.02046367138447891,0,,,,,,,,,,,,,,,,,,,,,,,,,,,,,,,,,,,,,,,,,,,,,,,,,,,
2026-04-22,663656-823236-1776816805893,663656,823236,home_run,0.020006983299008962,0,,,,,,,,,,,,,,,,,,,,,,,,,,,,,,,,,,,,,,,,,,,,,,,,,,,
2026-04-22,669477-823236-1776816805945,669477,823236,home_run,0.019708130477707697,0,,,,,,,,,,,,,,,,,,,,,,,,,,,,,,,,,,,,,,,,,,,,,,,,,,,
2026-04-22,671218-823236-1776816805980,671218,823236,home_run,0.018848225013785913,0,,,,,,,,,,,,,,,,,,,,,,,,,,,,,,,,,,,,,,,,,,,,,,,,,,,
2026-04-22,660271-823236-1776816805220,660271,823236,home_run,0.018600950054426524,0,,,,,,,,,,,,,,,,,,,,,,,,,,,,,,,,,,,,,,,,,,,,,,,,,,,
2026-04-22,808982-823236-1776816805969,808982,823236,home_run,0.018518534069858594,0,,,,,,,,,,,,,,,,,,,,,,,,,,,,,,,,,,,,,,,,,,,,,,,,,,,
2026-04-22,672275-823236-1776816805960,672275,823236,home_run,0.017542965067192218,0,,,,,,,,,,,,,,,,,,,,,,,,,,,,,,,,,,,,,,,,,,,,,,,,,,,
2026-04-22,690976-823236-1776816805893,690976,823236,home_run,0.017465739247641165,0,,,,,,,,,,,,,,,,,,,,,,,,,,,,,,,,,,,,,,,,,,,,,,,,,,,
2026-04-22,687551-823236-1776816805894,687551,823236,home_run,0.01731709975987894,0,,,,,,,,,,,,,,,,,,,,,,,,,,,,,,,,,,,,,,,,,,,,,,,,,,,
2026-04-22,808975-823236-1776816805842,808975,823236,home_run,0.016724957456353606,0,,,,,,,,,,,,,,,,,,,,,,,,,,,,,,,,,,,,,,,,,,,,,,,,,,,
2026-04-22,669743-823236-1776816805891,669743,823236,home_run,0.01520754144723302,0,,,,,,,,,,,,,,,,,,,,,,,,,,,,,,,,,,,,,,,,,,,,,,,,,,,
2026-04-22,669364-823878-1776867236100,669364,823878,hit,0.8039753312266813,0,0,,,,,,,,,,,,,,,,,,,,,,,,,,,,,,,,,,,,,,,,,,,,,,,,,,
2026-04-22,689414-823878-1776867235960,689414,823878,hit,0.7822323272466998,1,1,,,,,,,,,,,,,,,,,,,,,,,,,,,,,,,,,,,,,,,,,,,,,,,,,,
2026-04-22,672640-823878-1776867236652,672640,823878,hit,0.7589608515878701,1,1,,,,,,,,,,,,,,,,,,,,,,,,,,,,,,,,,,,,,,,,,,,,,,,,,,
2026-04-22,691594-823878-1776867236019,691594,823878,hit,0.6894808988045997,1,1,,,,,,,,,,,,,,,,,,,,,,,,,,,,,,,,,,,,,,,,,,,,,,,,,,
2026-04-22,671056-823878-1776867235775,671056,823878,hit,0.6769373275977746,1,1,,,,,,,,,,,,,,,,,,,,,,,,,,,,,,,,,,,,,,,,,,,,,,,,,,
2026-04-22,701675-823878-1776867235796,701675,823878,hit,0.6711128240812119,1,1,,,,,,,,,,,,,,,,,,,,,,,,,,,,,,,,,,,,,,,,,,,,,,,,,,
2026-04-22,677870-823878-1776867236102,677870,823878,hit,0.6704160853209666,0,0,,,,,,,,,,,,,,,,,,,,,,,,,,,,,,,,,,,,,,,,,,,,,,,,,,
2026-04-22,669357-823878-1776867235788,669357,823878,hit,0.659890768983145,1,1,,,,,,,,,,,,,,,,,,,,,,,,,,,,,,,,,,,,,,,,,,,,,,,,,,
2026-04-22,683357-823878-1776867235967,683357,823878,hit,0.6545021964837169,1,1,,,,,,,,,,,,,,,,,,,,,,,,,,,,,,,,,,,,,,,,,,,,,,,,,,
2026-04-22,802139-823878-1776867235667,802139,823878,hit,0.646893952073748,0,0,,,,,,,,,,,,,,,,,,,,,,,,,,,,,,,,,,,,,,,,,,,,,,,,,,
2026-04-22,665877-823878-1776867235728,665877,823878,hit,0.628540727147187,0,0,,,,,,,,,,,,,,,,,,,,,,,,,,,,,,,,,,,,,,,,,,,,,,,,,,
2026-04-22,805300-823878-1776867236054,805300,823878,hit,0.6276013356568259,1,1,,,,,,,,,,,,,,,,,,,,,,,,,,,,,,,,,,,,,,,,,,,,,,,,,,
2026-04-22,686780-823878-1776867236008,686780,823878,hit,0.6234231789171267,1,1,,,,,,,,,,,,,,,,,,,,,,,,,,,,,,,,,,,,,,,,,,,,,,,,,,
2026-04-22,682663-823878-1776867236771,682663,823878,hit,0.6140064222626633,1,1,,,,,,,,,,,,,,,,,,,,,,,,,,,,,,,,,,,,,,,,,,,,,,,,,,
2026-04-22,602104-823878-1776867238066,602104,823878,hit,0.6105432280530705,0,0,,,,,,,,,,,,,,,,,,,,,,,,,,,,,,,,,,,,,,,,,,,,,,,,,,
2026-04-22,695336-823878-1776867235794,695336,823878,hit,0.5920368798504766,0,0,,,,,,,,,,,,,,,,,,,,,,,,,,,,,,,,,,,,,,,,,,,,,,,,,,
2026-04-22,681715-823878-1776867236488,681715,823878,hit,0.5834168190593175,1,1,,,,,,,,,,,,,,,,,,,,,,,,,,,,,,,,,,,,,,,,,,,,,,,,,,
2026-04-22,687363-823878-1776867235741,687363,823878,hit,0.4931903499407404,0,0,,,,,,,,,,,,,,,,,,,,,,,,,,,,,,,,,,,,,,,,,,,,,,,,,,
2026-04-22,669364-823878-1776867428855,669364,823878,hit,0.8039753312266813,0,0,,,,,,,,,,,,,,,,,,,,,,,,,,,,,,,,,,,,,,,,,,,,,,,,,,
2026-04-22,689414-823878-1776867428856,689414,823878,hit,0.7822323272466998,1,1,,,,,,,,,,,,,,,,,,,,,,,,,,,,,,,,,,,,,,,,,,,,,,,,,,
2026-04-22,672640-823878-1776867428855,672640,823878,hit,0.7589608515878701,1,1,,,,,,,,,,,,,,,,,,,,,,,,,,,,,,,,,,,,,,,,,,,,,,,,,,
2026-04-22,691594-823878-1776867428858,691594,823878,hit,0.6894808988045997,1,1,,,,,,,,,,,,,,,,,,,,,,,,,,,,,,,,,,,,,,,,,,,,,,,,,,
2026-04-22,671056-823878-1776867428859,671056,823878,hit,0.6769373275977746,1,1,,,,,,,,,,,,,,,,,,,,,,,,,,,,,,,,,,,,,,,,,,,,,,,,,,
2026-04-22,701675-823878-1776867428865,701675,823878,hit,0.6711128240812119,1,1,,,,,,,,,,,,,,,,,,,,,,,,,,,,,,,,,,,,,,,,,,,,,,,,,,
2026-04-22,677870-823878-1776867428857,677870,823878,hit,0.6704160853209666,0,0,,,,,,,,,,,,,,,,,,,,,,,,,,,,,,,,,,,,,,,,,,,,,,,,,,
2026-04-22,669357-823878-1776867428860,669357,823878,hit,0.659890768983145,1,1,,,,,,,,,,,,,,,,,,,,,,,,,,,,,,,,,,,,,,,,,,,,,,,,,,
2026-04-22,683357-823878-1776867428864,683357,823878,hit,0.6545021964837169,1,1,,,,,,,,,,,,,,,,,,,,,,,,,,,,,,,,,,,,,,,,,,,,,,,,,,
2026-04-22,802139-823878-1776867428858,802139,823878,hit,0.646893952073748,0,0,,,,,,,,,,,,,,,,,,,,,,,,,,,,,,,,,,,,,,,,,,,,,,,,,,
2026-04-22,665877-823878-1776867428862,665877,823878,hit,0.628540727147187,0,0,,,,,,,,,,,,,,,,,,,,,,,,,,,,,,,,,,,,,,,,,,,,,,,,,,
2026-04-22,805300-823878-1776867428854,805300,823878,hit,0.6276013356568259,1,1,,,,,,,,,,,,,,,,,,,,,,,,,,,,,,,,,,,,,,,,,,,,,,,,,,
2026-04-22,686780-823878-1776867428866,686780,823878,hit,0.6234231789171267,1,1,,,,,,,,,,,,,,,,,,,,,,,,,,,,,,,,,,,,,,,,,,,,,,,,,,
2026-04-22,682663-823878-1776867428864,682663,823878,hit,0.6140064222626633,1,1,,,,,,,,,,,,,,,,,,,,,,,,,,,,,,,,,,,,,,,,,,,,,,,,,,
2026-04-22,602104-823878-1776867428861,602104,823878,hit,0.6105432280530705,0,0,,,,,,,,,,,,,,,,,,,,,,,,,,,,,,,,,,,,,,,,,,,,,,,,,,
2026-04-22,695336-823878-1776867428865,695336,823878,hit,0.5920368798504766,0,0,,,,,,,,,,,,,,,,,,,,,,,,,,,,,,,,,,,,,,,,,,,,,,,,,,
2026-04-22,681715-823878-1776867428863,681715,823878,hit,0.5834168190593175,1,1,,,,,,,,,,,,,,,,,,,,,,,,,,,,,,,,,,,,,,,,,,,,,,,,,,
2026-04-22,687363-823878-1776867428872,687363,823878,hit,0.4931903499407404,0,0,,,,,,,,,,,,,,,,,,,,,,,,,,,,,,,,,,,,,,,,,,,,,,,,,,
2026-04-22,669364-823878-1776867583664,669364,823878,hit,0.8039753312266813,0,0,,,,,,,,,,,,,,,,,,,,,,,,,,,,,,,,,,,,,,,,,,,,,,,,,,
2026-04-22,689414-823878-1776867583605,689414,823878,hit,0.7822323272466998,1,1,,,,,,,,,,,,,,,,,,,,,,,,,,,,,,,,,,,,,,,,,,,,,,,,,,
2026-04-22,672640-823878-1776867583600,672640,823878,hit,0.7589608515878701,1,1,,,,,,,,,,,,,,,,,,,,,,,,,,,,,,,,,,,,,,,,,,,,,,,,,,
2026-04-22,691594-823878-1776867583599,691594,823878,hit,0.6894808988045997,1,1,,,,,,,,,,,,,,,,,,,,,,,,,,,,,,,,,,,,,,,,,,,,,,,,,,
2026-04-22,671056-823878-1776867583661,671056,823878,hit,0.6769373275977746,1,1,,,,,,,,,,,,,,,,,,,,,,,,,,,,,,,,,,,,,,,,,,,,,,,,,,
2026-04-22,701675-823878-1776867583604,701675,823878,hit,0.6711128240812119,1,1,,,,,,,,,,,,,,,,,,,,,,,,,,,,,,,,,,,,,,,,,,,,,,,,,,
2026-04-22,677870-823878-1776867583593,677870,823878,hit,0.6704160853209666,0,0,,,,,,,,,,,,,,,,,,,,,,,,,,,,,,,,,,,,,,,,,,,,,,,,,,
2026-04-22,669357-823878-1776867583629,669357,823878,hit,0.659890768983145,1,1,,,,,,,,,,,,,,,,,,,,,,,,,,,,,,,,,,,,,,,,,,,,,,,,,,
2026-04-22,683357-823878-1776867583602,683357,823878,hit,0.6545021964837169,1,1,,,,,,,,,,,,,,,,,,,,,,,,,,,,,,,,,,,,,,,,,,,,,,,,,,
2026-04-22,802139-823878-1776867583667,802139,823878,hit,0.646893952073748,0,0,,,,,,,,,,,,,,,,,,,,,,,,,,,,,,,,,,,,,,,,,,,,,,,,,,
2026-04-22,665877-823878-1776867586535,665877,823878,hit,0.628540727147187,0,0,,,,,,,,,,,,,,,,,,,,,,,,,,,,,,,,,,,,,,,,,,,,,,,,,,
2026-04-22,805300-823878-1776867583603,805300,823878,hit,0.6276013356568259,1,1,,,,,,,,,,,,,,,,,,,,,,,,,,,,,,,,,,,,,,,,,,,,,,,,,,
2026-04-22,686780-823878-1776867583669,686780,823878,hit,0.6234231789171267,1,1,,,,,,,,,,,,,,,,,,,,,,,,,,,,,,,,,,,,,,,,,,,,,,,,,,
2026-04-22,682663-823878-1776867583598,682663,823878,hit,0.6140064222626633,1,1,,,,,,,,,,,,,,,,,,,,,,,,,,,,,,,,,,,,,,,,,,,,,,,,,,
2026-04-22,602104-823878-1776867583605,602104,823878,hit,0.6105432280530705,0,0,,,,,,,,,,,,,,,,,,,,,,,,,,,,,,,,,,,,,,,,,,,,,,,,,,
2026-04-22,695336-823878-1776867583608,695336,823878,hit,0.5920368798504766,0,0,,,,,,,,,,,,,,,,,,,,,,,,,,,,,,,,,,,,,,,,,,,,,,,,,,
2026-04-22,681715-823878-1776867583608,681715,823878,hit,0.5834168190593175,1,1,,,,,,,,,,,,,,,,,,,,,,,,,,,,,,,,,,,,,,,,,,,,,,,,,,
2026-04-22,687363-823878-1776867583668,687363,823878,hit,0.4931903499407404,0,0,,,,,,,,,,,,,,,,,,,,,,,,,,,,,,,,,,,,,,,,,,,,,,,,,,
2026-04-22,669364-823878-1776867594690,669364,823878,hit,0.8039753312266813,0,0,,,,,,,,,,,,,,,,,,,,,,,,,,,,,,,,,,,,,,,,,,,,,,,,,,
2026-04-22,669364-823878-1776867681676,669364,823878,hit,0.8039753312266813,0,0,,,,,,,,,,,,,,,,,,,,,,,,,,,,,,,,,,,,,,,,,,,,,,,,,,
2026-04-22,689414-823878-1776867681676,689414,823878,hit,0.7822323272466998,1,1,,,,,,,,,,,,,,,,,,,,,,,,,,,,,,,,,,,,,,,,,,,,,,,,,,
2026-04-22,672640-823878-1776867681676,672640,823878,hit,0.7589608515878701,1,1,,,,,,,,,,,,,,,,,,,,,,,,,,,,,,,,,,,,,,,,,,,,,,,,,,
2026-04-22,691594-823878-1776867681679,691594,823878,hit,0.6894808988045997,1,1,,,,,,,,,,,,,,,,,,,,,,,,,,,,,,,,,,,,,,,,,,,,,,,,,,
2026-04-22,671056-823878-1776867681681,671056,823878,hit,0.6769373275977746,1,1,,,,,,,,,,,,,,,,,,,,,,,,,,,,,,,,,,,,,,,,,,,,,,,,,,
2026-04-22,701675-823878-1776867681684,701675,823878,hit,0.6711128240812119,1,1,,,,,,,,,,,,,,,,,,,,,,,,,,,,,,,,,,,,,,,,,,,,,,,,,,
2026-04-22,677870-823878-1776867681678,677870,823878,hit,0.6704160853209666,0,0,,,,,,,,,,,,,,,,,,,,,,,,,,,,,,,,,,,,,,,,,,,,,,,,,,
2026-04-22,669357-823878-1776867681682,669357,823878,hit,0.659890768983145,1,1,,,,,,,,,,,,,,,,,,,,,,,,,,,,,,,,,,,,,,,,,,,,,,,,,,
2026-04-22,683357-823878-1776867681679,683357,823878,hit,0.6545021964837169,1,1,,,,,,,,,,,,,,,,,,,,,,,,,,,,,,,,,,,,,,,,,,,,,,,,,,
2026-04-22,802139-823878-1776867681680,802139,823878,hit,0.646893952073748,0,0,,,,,,,,,,,,,,,,,,,,,,,,,,,,,,,,,,,,,,,,,,,,,,,,,,
2026-04-22,665877-823878-1776867681683,665877,823878,hit,0.628540727147187,0,0,,,,,,,,,,,,,,,,,,,,,,,,,,,,,,,,,,,,,,,,,,,,,,,,,,
2026-04-22,805300-823878-1776867681675,805300,823878,hit,0.6276013356568259,1,1,,,,,,,,,,,,,,,,,,,,,,,,,,,,,,,,,,,,,,,,,,,,,,,,,,
2026-04-22,686780-823878-1776867681685,686780,823878,hit,0.6234231789171267,1,1,,,,,,,,,,,,,,,,,,,,,,,,,,,,,,,,,,,,,,,,,,,,,,,,,,
2026-04-22,682663-823878-1776867681677,682663,823878,hit,0.6140064222626633,1,1,,,,,,,,,,,,,,,,,,,,,,,,,,,,,,,,,,,,,,,,,,,,,,,,,,
2026-04-22,602104-823878-1776867681682,602104,823878,hit,0.6105432280530705,0,0,,,,,,,,,,,,,,,,,,,,,,,,,,,,,,,,,,,,,,,,,,,,,,,,,,
2026-04-22,695336-823878-1776867681684,695336,823878,hit,0.5920368798504766,0,0,,,,,,,,,,,,,,,,,,,,,,,,,,,,,,,,,,,,,,,,,,,,,,,,,,
2026-04-22,681715-823878-1776867681678,681715,823878,hit,0.5834168190593175,1,1,,,,,,,,,,,,,,,,,,,,,,,,,,,,,,,,,,,,,,,,,,,,,,,,,,
2026-04-22,687363-823878-1776867681686,687363,823878,hit,0.4931903499407404,0,0,,,,,,,,,,,,,,,,,,,,,,,,,,,,,,,,,,,,,,,,,,,,,,,,,,
2026-04-22,669364-823878-1776867686191,669364,823878,hit,0.8039753312266813,0,0,,,,,,,,,,,,,,,,,,,,,,,,,,,,,,,,,,,,,,,,,,,,,,,,,,
2026-04-22,669364-823878-1776867791186,669364,823878,hit,0.8039753312266813,0,0,,,,,,,,,,,,,,,,,,,,,,,,,,,,,,,,,,,,,,,,,,,,,,,,,,
2026-04-22,689414-823878-1776867791187,689414,823878,hit,0.7822323272466998,1,1,,,,,,,,,,,,,,,,,,,,,,,,,,,,,,,,,,,,,,,,,,,,,,,,,,
2026-04-22,672640-823878-1776867791187,672640,823878,hit,0.7589608515878701,1,1,,,,,,,,,,,,,,,,,,,,,,,,,,,,,,,,,,,,,,,,,,,,,,,,,,
2026-04-22,691594-823878-1776867791190,691594,823878,hit,0.6894808988045997,1,1,,,,,,,,,,,,,,,,,,,,,,,,,,,,,,,,,,,,,,,,,,,,,,,,,,
2026-04-22,671056-823878-1776867791191,671056,823878,hit,0.6769373275977746,1,1,,,,,,,,,,,,,,,,,,,,,,,,,,,,,,,,,,,,,,,,,,,,,,,,,,
2026-04-22,701675-823878-1776867791193,701675,823878,hit,0.6711128240812119,1,1,,,,,,,,,,,,,,,,,,,,,,,,,,,,,,,,,,,,,,,,,,,,,,,,,,
2026-04-22,677870-823878-1776867791189,677870,823878,hit,0.6704160853209666,0,0,,,,,,,,,,,,,,,,,,,,,,,,,,,,,,,,,,,,,,,,,,,,,,,,,,
2026-04-22,669357-823878-1776867791191,669357,823878,hit,0.659890768983145,1,1,,,,,,,,,,,,,,,,,,,,,,,,,,,,,,,,,,,,,,,,,,,,,,,,,,
2026-04-22,683357-823878-1776867791189,683357,823878,hit,0.6545021964837169,1,1,,,,,,,,,,,,,,,,,,,,,,,,,,,,,,,,,,,,,,,,,,,,,,,,,,
2026-04-22,802139-823878-1776867791190,802139,823878,hit,0.646893952073748,0,0,,,,,,,,,,,,,,,,,,,,,,,,,,,,,,,,,,,,,,,,,,,,,,,,,,
2026-04-22,665877-823878-1776867791192,665877,823878,hit,0.628540727147187,0,0,,,,,,,,,,,,,,,,,,,,,,,,,,,,,,,,,,,,,,,,,,,,,,,,,,
2026-04-22,805300-823878-1776867791186,805300,823878,hit,0.6276013356568259,1,1,,,,,,,,,,,,,,,,,,,,,,,,,,,,,,,,,,,,,,,,,,,,,,,,,,
2026-04-22,686780-823878-1776867791194,686780,823878,hit,0.6234231789171267,1,1,,,,,,,,,,,,,,,,,,,,,,,,,,,,,,,,,,,,,,,,,,,,,,,,,,
2026-04-22,682663-823878-1776867791188,682663,823878,hit,0.6140064222626633,1,1,,,,,,,,,,,,,,,,,,,,,,,,,,,,,,,,,,,,,,,,,,,,,,,,,,
2026-04-22,602104-823878-1776867791192,602104,823878,hit,0.6105432280530705,0,0,,,,,,,,,,,,,,,,,,,,,,,,,,,,,,,,,,,,,,,,,,,,,,,,,,
2026-04-22,695336-823878-1776867791193,695336,823878,hit,0.5920368798504766,0,0,,,,,,,,,,,,,,,,,,,,,,,,,,,,,,,,,,,,,,,,,,,,,,,,,,
2026-04-22,681715-823878-1776867791188,681715,823878,hit,0.5834168190593175,1,1,,,,,,,,,,,,,,,,,,,,,,,,,,,,,,,,,,,,,,,,,,,,,,,,,,
2026-04-22,687363-823878-1776867791194,687363,823878,hit,0.4931903499407404,0,0,,,,,,,,,,,,,,,,,,,,,,,,,,,,,,,,,,,,,,,,,,,,,,,,,,
2026-04-22,669364-823878-1776867793085,669364,823878,hit,0.8039753312266813,0,0,,,,,,,,,,,,,,,,,,,,,,,,,,,,,,,,,,,,,,,,,,,,,,,,,,
2026-04-22,669364-823878-1776867941936,669364,823878,hit,0.8039753312266813,0,0,,,,,,,,,,,,,,,,,,,,,,,,,,,,,,,,,,,,,,,,,,,,,,,,,,
2026-04-22,689414-823878-1776867941937,689414,823878,hit,0.7822323272466998,1,1,,,,,,,,,,,,,,,,,,,,,,,,,,,,,,,,,,,,,,,,,,,,,,,,,,
2026-04-22,672640-823878-1776867941937,672640,823878,hit,0.7589608515878701,1,1,,,,,,,,,,,,,,,,,,,,,,,,,,,,,,,,,,,,,,,,,,,,,,,,,,
2026-04-22,691594-823878-1776867941941,691594,823878,hit,0.6894808988045997,1,1,,,,,,,,,,,,,,,,,,,,,,,,,,,,,,,,,,,,,,,,,,,,,,,,,,
2026-04-22,671056-823878-1776867941942,671056,823878,hit,0.6769373275977746,1,1,,,,,,,,,,,,,,,,,,,,,,,,,,,,,,,,,,,,,,,,,,,,,,,,,,
2026-04-22,701675-823878-1776867941945,701675,823878,hit,0.6711128240812119,1,1,,,,,,,,,,,,,,,,,,,,,,,,,,,,,,,,,,,,,,,,,,,,,,,,,,
2026-04-22,677870-823878-1776867941940,677870,823878,hit,0.6704160853209666,0,0,,,,,,,,,,,,,,,,,,,,,,,,,,,,,,,,,,,,,,,,,,,,,,,,,,
2026-04-22,669357-823878-1776867941943,669357,823878,hit,0.659890768983145,1,1,,,,,,,,,,,,,,,,,,,,,,,,,,,,,,,,,,,,,,,,,,,,,,,,,,
2026-04-22,683357-823878-1776867941940,683357,823878,hit,0.6545021964837169,1,1,,,,,,,,,,,,,,,,,,,,,,,,,,,,,,,,,,,,,,,,,,,,,,,,,,
2026-04-22,802139-823878-1776867941942,802139,823878,hit,0.646893952073748,0,0,,,,,,,,,,,,,,,,,,,,,,,,,,,,,,,,,,,,,,,,,,,,,,,,,,
2026-04-22,665877-823878-1776867941945,665877,823878,hit,0.628540727147187,0,0,,,,,,,,,,,,,,,,,,,,,,,,,,,,,,,,,,,,,,,,,,,,,,,,,,
2026-04-22,805300-823878-1776867941935,805300,823878,hit,0.6276013356568259,1,1,,,,,,,,,,,,,,,,,,,,,,,,,,,,,,,,,,,,,,,,,,,,,,,,,,
2026-04-22,686780-823878-1776867941946,686780,823878,hit,0.6234231789171267,1,1,,,,,,,,,,,,,,,,,,,,,,,,,,,,,,,,,,,,,,,,,,,,,,,,,,
2026-04-22,682663-823878-1776867941938,682663,823878,hit,0.6140064222626633,1,1,,,,,,,,,,,,,,,,,,,,,,,,,,,,,,,,,,,,,,,,,,,,,,,,,,
2026-04-22,602104-823878-1776867941944,602104,823878,hit,0.6105432280530705,0,0,,,,,,,,,,,,,,,,,,,,,,,,,,,,,,,,,,,,,,,,,,,,,,,,,,
2026-04-22,695336-823878-1776867941946,695336,823878,hit,0.5920368798504766,0,0,,,,,,,,,,,,,,,,,,,,,,,,,,,,,,,,,,,,,,,,,,,,,,,,,,
2026-04-22,681715-823878-1776867941939,681715,823878,hit,0.5834168190593175,1,1,,,,,,,,,,,,,,,,,,,,,,,,,,,,,,,,,,,,,,,,,,,,,,,,,,
2026-04-22,687363-823878-1776867941947,687363,823878,hit,0.4931903499407404,0,0,,,,,,,,,,,,,,,,,,,,,,,,,,,,,,,,,,,,,,,,,,,,,,,,,,
2026-04-22,689414-823878-1776868360738,689414,823878,hit,0.7822323272466998,1,1,,,,,,,,,,,,,,,,,,,,,,,,,,,,,,,,,,,,,,,,,,,,,,,,,,
2026-04-22,670541-824449-1776868411542,670541,824449,hit,0.7498718405516389,1,1,,,,,,,,,,,,,,,,,,,,,,,,,,,,,,,,,,,,,,,,,,,,,,,,,,
2026-04-22,621043-824449-1776868411945,621043,824449,hit,0.7363026358840623,1,1,,,,,,,,,,,,,,,,,,,,,,,,,,,,,,,,,,,,,,,,,,,,,,,,,,
2026-04-22,543877-824449-1776868411409,543877,824449,hit,0.6991433470357862,0,0,,,,,,,,,,,,,,,,,,,,,,,,,,,,,,,,,,,,,,,,,,,,,,,,,,
2026-04-22,682177-824449-1776868409466,682177,824449,hit,0.6807271396569861,1,1,,,,,,,,,,,,,,,,,,,,,,,,,,,,,,,,,,,,,,,,,,,,,,,,,,
2026-04-22,572233-824449-1776868411315,572233,824449,hit,0.6736809215278048,1,1,,,,,,,,,,,,,,,,,,,,,,,,,,,,,,,,,,,,,,,,,,,,,,,,,,
2026-04-22,608070-824449-1776868419384,608070,824449,hit,0.6696981577686549,1,1,,,,,,,,,,,,,,,,,,,,,,,,,,,,,,,,,,,,,,,,,,,,,,,,,,
2026-04-22,677587-824449-1776868410539,677587,824449,hit,0.6626305309301166,0,0,,,,,,,,,,,,,,,,,,,,,,,,,,,,,,,,,,,,,,,,,,,,,,,,,,
2026-04-22,514888-824449-1776868414729,514888,824449,hit,0.6524039552144956,0,0,,,,,,,,,,,,,,,,,,,,,,,,,,,,,,,,,,,,,,,,,,,,,,,,,,
2026-04-22,671655-824449-1776868409541,671655,824449,hit,0.649660072605319,0,0,,,,,,,,,,,,,,,,,,,,,,,,,,,,,,,,,,,,,,,,,,,,,,,,,,
2026-04-22,701358-824449-1776868411455,701358,824449,hit,0.6396668223950417,0,0,,,,,,,,,,,,,,,,,,,,,,,,,,,,,,,,,,,,,,,,,,,,,,,,,,
2026-04-22,670623-824449-1776868414641,670623,824449,hit,0.6336736338345275,1,1,,,,,,,,,,,,,,,,,,,,,,,,,,,,,,,,,,,,,,,,,,,,,,,,,,
2026-04-22,680757-824449-1776868411262,680757,824449,hit,0.6189988357008365,1,1,,,,,,,,,,,,,,,,,,,,,,,,,,,,,,,,,,,,,,,,,,,,,,,,,,
2026-04-22,800050-824449-1776868409453,800050,824449,hit,0.6189471031718599,1,1,,,,,,,,,,,,,,,,,,,,,,,,,,,,,,,,,,,,,,,,,,,,,,,,,,
2026-04-22,700932-824449-1776868410350,700932,824449,hit,0.6032200878546813,0,0,,,,,,,,,,,,,,,,,,,,,,,,,,,,,,,,,,,,,,,,,,,,,,,,,,
2026-04-22,682877-824449-1776868410728,682877,824449,hit,0.5926077741578732,0,0,,,,,,,,,,,,,,,,,,,,,,,,,,,,,,,,,,,,,,,,,,,,,,,,,,
2026-04-22,669288-824449-1776868411515,669288,824449,hit,0.5735032216695987,0,0,,,,,,,,,,,,,,,,,,,,,,,,,,,,,,,,,,,,,,,,,,,,,,,,,,
2026-04-22,694728-824449-1776868411877,694728,824449,hit,0.5649494200641761,0,0,,,,,,,,,,,,,,,,,,,,,,,,,,,,,,,,,,,,,,,,,,,,,,,,,,
2026-04-22,666310-824449-1776868409848,666310,824449,hit,0.5282912778073003,0,0,,,,,,,,,,,,,,,,,,,,,,,,,,,,,,,,,,,,,,,,,,,,,,,,,,
2026-04-22,682829-822993-1776868472586,682829,822993,hit,0.7812566905907407,0,0,,,,,,,,,,,,,,,,,,,,,,,,,,,,,,,,,,,,,,,,,,,,,,,,,,
2026-04-22,650490-822993-1776868473064,650490,822993,hit,0.7630481896583956,1,1,,,,,,,,,,,,,,,,,,,,,,,,,,,,,,,,,,,,,,,,,,,,,,,,,,
2026-04-22,676356-822993-1776868472612,676356,822993,hit,0.7426513091889838,0,0,,,,,,,,,,,,,,,,,,,,,,,,,,,,,,,,,,,,,,,,,,,,,,,,,,
2026-04-22,691406-822993-1776868472952,691406,822993,hit,0.7420240795904357,1,1,,,,,,,,,,,,,,,,,,,,,,,,,,,,,,,,,,,,,,,,,,,,,,,,,,
2026-04-22,701398-822993-1776868473153,701398,822993,hit,0.7385435169086222,1,1,,,,,,,,,,,,,,,,,,,,,,,,,,,,,,,,,,,,,,,,,,,,,,,,,,
2026-04-22,802415-822993-1776868473118,802415,822993,hit,0.728134424909799,1,1,,,,,,,,,,,,,,,,,,,,,,,,,,,,,,,,,,,,,,,,,,,,,,,,,,
2026-04-22,663743-822993-1776868472814,663743,822993,hit,0.7169723687207745,0,0,,,,,,,,,,,,,,,,,,,,,,,,,,,,,,,,,,,,,,,,,,,,,,,,,,
2026-04-22,668723-822993-1776868472846,668723,822993,hit,0.6905814046128709,1,1,,,,,,,,,,,,,,,,,,,,,,,,,,,,,,,,,,,,,,,,,,,,,,,,,,
2026-04-22,666018-822993-1776868473283,666018,822993,hit,0.6762208044610369,0,0,,,,,,,,,,,,,,,,,,,,,,,,,,,,,,,,,,,,,,,,,,,,,,,,,,
2026-04-22,553993-822993-1776868472831,553993,822993,hit,0.6751307641961315,0,0,,,,,,,,,,,,,,,,,,,,,,,,,,,,,,,,,,,,,,,,,,,,,,,,,,
2026-04-22,668715-822993-1776868472363,668715,822993,hit,0.6598737143497813,1,1,,,,,,,,,,,,,,,,,,,,,,,,,,,,,,,,,,,,,,,,,,,,,,,,,,
2026-04-22,663993-822993-1776868472472,663993,822993,hit,0.6595837094530743,1,1,,,,,,,,,,,,,,,,,,,,,,,,,,,,,,,,,,,,,,,,,,,,,,,,,,
2026-04-22,810938-822993-1776868473333,810938,822993,hit,0.653476711746386,1,1,,,,,,,,,,,,,,,,,,,,,,,,,,,,,,,,,,,,,,,,,,,,,,,,,,
2026-04-22,680574-822993-1776868472557,680574,822993,hit,0.6199890726333315,1,1,,,,,,,,,,,,,,,,,,,,,,,,,,,,,,,,,,,,,,,,,,,,,,,,,,
2026-04-22,664731-822993-1776868472543,664731,822993,hit,0.6104349115505101,0,0,,,,,,,,,,,,,,,,,,,,,,,,,,,,,,,,,,,,,,,,,,,,,,,,,,
2026-04-22,670770-822993-1776868473166,670770,822993,hit,0.591012665788754,1,1,,,,,,,,,,,,,,,,,,,,,,,,,,,,,,,,,,,,,,,,,,,,,,,,,,
2026-04-22,670764-822993-1776868474062,670764,822993,hit,0.5814003668139278,1,1,,,,,,,,,,,,,,,,,,,,,,,,,,,,,,,,,,,,,,,,,,,,,,,,,,
2026-04-22,666181-822993-1776868472402,666181,822993,hit,0.5793750076798599,0,0,,,,,,,,,,,,,,,,,,,,,,,,,,,,,,,,,,,,,,,,,,,,,,,,,,
2026-04-22,650490-822993-1776868487773,650490,822993,hit,0.7630481896583956,1,1,,,,,,,,,,,,,,,,,,,,,,,,,,,,,,,,,,,,,,,,,,,,,,,,,,
2026-04-22,682829-822993-1776869037838,682829,822993,hit,0.7818223355612923,0,0,,,,,,,,,,,,,,,,,,,,,,,,,,,,,,,,,,,,,,,,,,,,,,,,,,
2026-04-22,672640-823878-1776872786234,672640,823878,home_run,0.1132838585032947,0,,,,,,,,,,,,,,,,,,,,,,,,,,,,,,,,,,,,,,,,,,,,,,,,,,,
2026-04-22,805300-823878-1776872786376,805300,823878,home_run,0.062229544962705385,0,,,,,,,,,,,,,,,,,,,,,,,,,,,,,,,,,,,,,,,,,,,,,,,,,,,
2026-04-22,689414-823878-1776872786809,689414,823878,home_run,0.04738592385104157,0,,,,,,,,,,,,,,,,,,,,,,,,,,,,,,,,,,,,,,,,,,,,,,,,,,,
2026-04-22,669357-823878-1776872786281,669357,823878,home_run,0.020014957667803368,0,,,,,,,,,,,,,,,,,,,,,,,,,,,,,,,,,,,,,,,,,,,,,,,,,,,
2026-04-22,669364-823878-1776872786286,669364,823878,home_run,0.0196174525476277,0,,,,,,,,,,,,,,,,,,,,,,,,,,,,,,,,,,,,,,,,,,,,,,,,,,,
2026-04-22,701675-823878-1776872786342,701675,823878,home_run,0.019287707719047864,0,,,,,,,,,,,,,,,,,,,,,,,,,,,,,,,,,,,,,,,,,,,,,,,,,,,
2026-04-22,682663-823878-1776872786440,682663,823878,home_run,0.01900692487186173,0,,,,,,,,,,,,,,,,,,,,,,,,,,,,,,,,,,,,,,,,,,,,,,,,,,,
2026-04-22,695336-823878-1776872786231,695336,823878,home_run,0.018936164011158496,0,,,,,,,,,,,,,,,,,,,,,,,,,,,,,,,,,,,,,,,,,,,,,,,,,,,
2026-04-22,802139-823878-1776872786308,802139,823878,home_run,0.01851802487401788,0,,,,,,,,,,,,,,,,,,,,,,,,,,,,,,,,,,,,,,,,,,,,,,,,,,,
2026-04-22,602104-823878-1776872786241,602104,823878,home_run,0.0185022315665605,0,,,,,,,,,,,,,,,,,,,,,,,,,,,,,,,,,,,,,,,,,,,,,,,,,,,
2026-04-22,683357-823878-1776872786292,683357,823878,home_run,0.018161540235403728,0,,,,,,,,,,,,,,,,,,,,,,,,,,,,,,,,,,,,,,,,,,,,,,,,,,,
2026-04-22,671056-823878-1776872787936,671056,823878,home_run,0.018005430359077534,1,,,,,,,,,,,,,,,,,,,,,,,,,,,,,,,,,,,,,,,,,,,,,,,,,,,
2026-04-22,677870-823878-1776872786263,677870,823878,home_run,0.01785091203578859,0,,,,,,,,,,,,,,,,,,,,,,,,,,,,,,,,,,,,,,,,,,,,,,,,,,,
2026-04-22,686780-823878-1776872786297,686780,823878,home_run,0.017661142293444065,0,,,,,,,,,,,,,,,,,,,,,,,,,,,,,,,,,,,,,,,,,,,,,,,,,,,
2026-04-22,691594-823878-1776872786252,691594,823878,home_run,0.017487712487468166,0,,,,,,,,,,,,,,,,,,,,,,,,,,,,,,,,,,,,,,,,,,,,,,,,,,,
2026-04-22,665877-823878-1776872786472,665877,823878,home_run,0.01741132325882766,0,,,,,,,,,,,,,,,,,,,,,,,,,,,,,,,,,,,,,,,,,,,,,,,,,,,
2026-04-22,681715-823878-1776872786247,681715,823878,home_run,0.017333824797523323,0,,,,,,,,,,,,,,,,,,,,,,,,,,,,,,,,,,,,,,,,,,,,,,,,,,,
2026-04-22,687363-823878-1776872786422,687363,823878,home_run,0.016291968996847705,0,,,,,,,,,,,,,,,,,,,,,,,,,,,,,,,,,,,,,,,,,,,,,,,,,,,
2026-04-22,669364-823878-1776872946493,669364,823878,hit,0.8056549226118892,0,0,,,,,,,,,,,,,,,,,,,,,,,,,,,,,,,,,,,,,,,,,,,,,,,,,,
2026-04-22,689414-823878-1776872946493,689414,823878,hit,0.7840389877525913,1,1,,,,,,,,,,,,,,,,,,,,,,,,,,,,,,,,,,,,,,,,,,,,,,,,,,
2026-04-22,672640-823878-1776872946492,672640,823878,hit,0.7609571894452957,1,1,,,,,,,,,,,,,,,,,,,,,,,,,,,,,,,,,,,,,,,,,,,,,,,,,,
2026-04-22,671056-823878-1776872946497,671056,823878,hit,0.6923177562812333,1,1,,,,,,,,,,,,,,,,,,,,,,,,,,,,,,,,,,,,,,,,,,,,,,,,,,
2026-04-22,691594-823878-1776872946496,691594,823878,hit,0.691669464764513,1,1,,,,,,,,,,,,,,,,,,,,,,,,,,,,,,,,,,,,,,,,,,,,,,,,,,
2026-04-22,701675-823878-1776872946499,701675,823878,hit,0.6735559717489372,1,1,,,,,,,,,,,,,,,,,,,,,,,,,,,,,,,,,,,,,,,,,,,,,,,,,,
2026-04-22,677870-823878-1776872946495,677870,823878,hit,0.6727328142160334,0,0,,,,,,,,,,,,,,,,,,,,,,,,,,,,,,,,,,,,,,,,,,,,,,,,,,
2026-04-22,669357-823878-1776872946498,669357,823878,hit,0.6624643894162281,1,1,,,,,,,,,,,,,,,,,,,,,,,,,,,,,,,,,,,,,,,,,,,,,,,,,,
2026-04-22,683357-823878-1776872946495,683357,823878,hit,0.6569287671309012,1,1,,,,,,,,,,,,,,,,,,,,,,,,,,,,,,,,,,,,,,,,,,,,,,,,,,
2026-04-22,802139-823878-1776872946497,802139,823878,hit,0.6493941070153314,0,0,,,,,,,,,,,,,,,,,,,,,,,,,,,,,,,,,,,,,,,,,,,,,,,,,,
2026-04-22,665877-823878-1776872946499,665877,823878,hit,0.6310213120211129,0,0,,,,,,,,,,,,,,,,,,,,,,,,,,,,,,,,,,,,,,,,,,,,,,,,,,
2026-04-22,805300-823878-1776872946492,805300,823878,hit,0.6302831736062484,1,1,,,,,,,,,,,,,,,,,,,,,,,,,,,,,,,,,,,,,,,,,,,,,,,,,,
2026-04-22,686780-823878-1776872946500,686780,823878,hit,0.6259542406479409,1,1,,,,,,,,,,,,,,,,,,,,,,,,,,,,,,,,,,,,,,,,,,,,,,,,,,
2026-04-22,682663-823878-1776872946494,682663,823878,hit,0.6167279384724582,1,1,,,,,,,,,,,,,,,,,,,,,,,,,,,,,,,,,,,,,,,,,,,,,,,,,,
2026-04-22,602104-823878-1776872946498,602104,823878,hit,0.6132277081766819,0,0,,,,,,,,,,,,,,,,,,,,,,,,,,,,,,,,,,,,,,,,,,,,,,,,,,
2026-04-22,695336-823878-1776872946500,695336,823878,hit,0.5948639811185006,0,0,,,,,,,,,,,,,,,,,,,,,,,,,,,,,,,,,,,,,,,,,,,,,,,,,,
2026-04-22,681715-823878-1776872946494,681715,823878,hit,0.5861003665498474,1,1,,,,,,,,,,,,,,,,,,,,,,,,,,,,,,,,,,,,,,,,,,,,,,,,,,
2026-04-22,687363-823878-1776872946501,687363,823878,hit,0.49612716832655246,0,0,,,,,,,,,,,,,,,,,,,,,,,,,,,,,,,,,,,,,,,,,,,,,,,,,,
2026-04-22,672640-823878-1776872979681,672640,823878,hit,0.7609571894452957,1,1,,,,,,,,,,,,,,,,,,,,,,,,,,,,,,,,,,,,,,,,,,,,,,,,,,
2026-04-22,669364-823878-1776873002781,669364,823878,hit,0.8056549226118892,0,0,,,,,,,,,,,,,,,,,,,,,,,,,,,,,,,,,,,,,,,,,,,,,,,,,,
2026-04-22,670541-824449-1776873058434,670541,824449,hit,0.7487983508746067,1,1,,,,,,,,,,,,,,,,,,,,,,,,,,,,,,,,,,,,,,,,,,,,,,,,,,
2026-04-22,621043-824449-1776873058686,621043,824449,hit,0.7351107194919049,1,1,,,,,,,,,,,,,,,,,,,,,,,,,,,,,,,,,,,,,,,,,,,,,,,,,,
2026-04-22,543877-824449-1776873058429,543877,824449,hit,0.6979710126882231,0,0,,,,,,,,,,,,,,,,,,,,,,,,,,,,,,,,,,,,,,,,,,,,,,,,,,
2026-04-22,682177-824449-1776873058430,682177,824449,hit,0.6784860107584951,1,1,,,,,,,,,,,,,,,,,,,,,,,,,,,,,,,,,,,,,,,,,,,,,,,,,,
2026-04-22,572233-824449-1776873058415,572233,824449,hit,0.6723418587997962,1,1,,,,,,,,,,,,,,,,,,,,,,,,,,,,,,,,,,,,,,,,,,,,,,,,,,
2026-04-22,608070-824449-1776873058650,608070,824449,hit,0.667397066632472,1,1,,,,,,,,,,,,,,,,,,,,,,,,,,,,,,,,,,,,,,,,,,,,,,,,,,
2026-04-22,677587-824449-1776873058911,677587,824449,hit,0.6605006536818812,0,0,,,,,,,,,,,,,,,,,,,,,,,,,,,,,,,,,,,,,,,,,,,,,,,,,,
2026-04-22,514888-824449-1776873060309,514888,824449,hit,0.6509804568896459,0,0,,,,,,,,,,,,,,,,,,,,,,,,,,,,,,,,,,,,,,,,,,,,,,,,,,
2026-04-22,671655-824449-1776873058647,671655,824449,hit,0.6471068114180288,0,0,,,,,,,,,,,,,,,,,,,,,,,,,,,,,,,,,,,,,,,,,,,,,,,,,,
2026-04-22,701358-824449-1776873058481,701358,824449,hit,0.6382966554691629,0,0,,,,,,,,,,,,,,,,,,,,,,,,,,,,,,,,,,,,,,,,,,,,,,,,,,
2026-04-22,670623-824449-1776873058459,670623,824449,hit,0.6322502780552299,1,1,,,,,,,,,,,,,,,,,,,,,,,,,,,,,,,,,,,,,,,,,,,,,,,,,,
2026-04-22,800050-824449-1776873059637,800050,824449,hit,0.6162858117933723,1,1,,,,,,,,,,,,,,,,,,,,,,,,,,,,,,,,,,,,,,,,,,,,,,,,,,
2026-04-22,680757-824449-1776873058487,680757,824449,hit,0.6162627931948055,1,1,,,,,,,,,,,,,,,,,,,,,,,,,,,,,,,,,,,,,,,,,,,,,,,,,,
2026-04-22,700932-824449-1776873059660,700932,824449,hit,0.600462102862584,0,0,,,,,,,,,,,,,,,,,,,,,,,,,,,,,,,,,,,,,,,,,,,,,,,,,,
2026-04-22,682877-824449-1776873058384,682877,824449,hit,0.589938059038017,0,0,,,,,,,,,,,,,,,,,,,,,,,,,,,,,,,,,,,,,,,,,,,,,,,,,,
2026-04-22,669288-824449-1776873058393,669288,824449,hit,0.5721080850516918,0,0,,,,,,,,,,,,,,,,,,,,,,,,,,,,,,,,,,,,,,,,,,,,,,,,,,
2026-04-22,694728-824449-1776873059662,694728,824449,hit,0.5634514638918633,0,0,,,,,,,,,,,,,,,,,,,,,,,,,,,,,,,,,,,,,,,,,,,,,,,,,,
2026-04-22,666310-824449-1776873059630,666310,824449,hit,0.5253515194095084,0,0,,,,,,,,,,,,,,,,,,,,,,,,,,,,,,,,,,,,,,,,,,,,,,,,,,
2026-04-22,682829-822993-1776873112406,682829,822993,hit,0.7812566905907407,0,0,,,,,,,,,,,,,,,,,,,,,,,,,,,,,,,,,,,,,,,,,,,,,,,,,,
2026-04-22,650490-822993-1776873107785,650490,822993,hit,0.7630481896583956,1,1,,,,,,,,,,,,,,,,,,,,,,,,,,,,,,,,,,,,,,,,,,,,,,,,,,
2026-04-22,676356-822993-1776873108040,676356,822993,hit,0.7426513091889838,0,0,,,,,,,,,,,,,,,,,,,,,,,,,,,,,,,,,,,,,,,,,,,,,,,,,,
2026-04-22,691406-822993-1776873108326,691406,822993,hit,0.7420240795904357,1,1,,,,,,,,,,,,,,,,,,,,,,,,,,,,,,,,,,,,,,,,,,,,,,,,,,
2026-04-22,701398-822993-1776873107749,701398,822993,hit,0.7385435169086222,1,1,,,,,,,,,,,,,,,,,,,,,,,,,,,,,,,,,,,,,,,,,,,,,,,,,,
2026-04-22,802415-822993-1776873107758,802415,822993,hit,0.728134424909799,1,1,,,,,,,,,,,,,,,,,,,,,,,,,,,,,,,,,,,,,,,,,,,,,,,,,,
2026-04-22,663743-822993-1776873107787,663743,822993,hit,0.7169723687207745,0,0,,,,,,,,,,,,,,,,,,,,,,,,,,,,,,,,,,,,,,,,,,,,,,,,,,
2026-04-22,668723-822993-1776873108265,668723,822993,hit,0.6905814046128709,1,1,,,,,,,,,,,,,,,,,,,,,,,,,,,,,,,,,,,,,,,,,,,,,,,,,,
2026-04-22,666018-822993-1776873108399,666018,822993,hit,0.6762208044610369,0,0,,,,,,,,,,,,,,,,,,,,,,,,,,,,,,,,,,,,,,,,,,,,,,,,,,
2026-04-22,553993-822993-1776873107150,553993,822993,hit,0.6751307641961315,0,0,,,,,,,,,,,,,,,,,,,,,,,,,,,,,,,,,,,,,,,,,,,,,,,,,,
2026-04-22,668715-822993-1776873107195,668715,822993,hit,0.6598737143497813,1,1,,,,,,,,,,,,,,,,,,,,,,,,,,,,,,,,,,,,,,,,,,,,,,,,,,
2026-04-22,663993-822993-1776873107194,663993,822993,hit,0.6595837094530743,1,1,,,,,,,,,,,,,,,,,,,,,,,,,,,,,,,,,,,,,,,,,,,,,,,,,,
2026-04-22,810938-822993-1776873107744,810938,822993,hit,0.653476711746386,1,1,,,,,,,,,,,,,,,,,,,,,,,,,,,,,,,,,,,,,,,,,,,,,,,,,,
2026-04-22,680574-822993-1776873107747,680574,822993,hit,0.6199890726333315,1,1,,,,,,,,,,,,,,,,,,,,,,,,,,,,,,,,,,,,,,,,,,,,,,,,,,
2026-04-22,664731-822993-1776873112747,664731,822993,hit,0.6104349115505101,0,0,,,,,,,,,,,,,,,,,,,,,,,,,,,,,,,,,,,,,,,,,,,,,,,,,,
2026-04-22,670770-822993-1776873107280,670770,822993,hit,0.591012665788754,1,1,,,,,,,,,,,,,,,,,,,,,,,,,,,,,,,,,,,,,,,,,,,,,,,,,,
2026-04-22,670764-822993-1776873107756,670764,822993,hit,0.5814003668139278,1,1,,,,,,,,,,,,,,,,,,,,,,,,,,,,,,,,,,,,,,,,,,,,,,,,,,
2026-04-22,666181-822993-1776873107257,666181,822993,hit,0.5793750076798599,0,0,,,,,,,,,,,,,,,,,,,,,,,,,,,,,,,,,,,,,,,,,,,,,,,,,,
2026-04-22,677951-824123-1776873353687,677951,824123,hit,0.770909561293659,1,1,,,,,,,,,,,,,,,,,,,,,,,,,,,,,,,,,,,,,,,,,,,,,,,,,,
2026-04-22,672580-824123-1776873353432,672580,824123,hit,0.744199005013126,0,0,,,,,,,,,,,,,,,,,,,,,,,,,,,,,,,,,,,,,,,,,,,,,,,,,,
2026-04-22,695600-824123-1776873353722,695600,824123,hit,0.743053698044724,1,1,,,,,,,,,,,,,,,,,,,,,,,,,,,,,,,,,,,,,,,,,,,,,,,,,,
2026-04-22,521692-824123-1776873353637,521692,824123,hit,0.7007839733870691,0,0,,,,,,,,,,,,,,,,,,,,,,,,,,,,,,,,,,,,,,,,,,,,,,,,,,
2026-04-22,695506-824123-1776873354156,695506,824123,hit,0.700487617549596,1,1,,,,,,,,,,,,,,,,,,,,,,,,,,,,,,,,,,,,,,,,,,,,,,,,,,
2026-04-22,686681-824123-1776873353434,686681,824123,hit,0.6972926424494164,1,1,,,,,,,,,,,,,,,,,,,,,,,,,,,,,,,,,,,,,,,,,,,,,,,,,,
2026-04-22,664728-824123-1776873353889,664728,824123,hit,0.6206875526430287,1,1,,,,,,,,,,,,,,,,,,,,,,,,,,,,,,,,,,,,,,,,,,,,,,,,,,
2026-04-22,686469-824123-1776873353675,686469,824123,hit,0.5819669660407378,1,1,,,,,,,,,,,,,,,,,,,,,,,,,,,,,,,,,,,,,,,,,,,,,,,,,,
2026-04-22,657041-824123-1776873353761,657041,824123,hit,0.5771386849789011,1,1,,,,,,,,,,,,,,,,,,,,,,,,,,,,,,,,,,,,,,,,,,,,,,,,,,
2026-04-22,669364-823878-1776892448272,669364,823878,hit,0.7939969180067922,0,0,,,,,,,,,,,,,,,,,,,,,,,,,,,,,,,,,,,,,,,,,,,,,,,,,,
2026-04-23,592450-824774-1776894664953,592450,824774,hit,0.6571952953483854,1,1,,,,,,,,,,,,,,,,,,,,,,,,,,,,,,,,,,,,,,,,,,,,,,,,,,
2026-04-23,592450-824774-1776894713300,592450,824774,home_run,0.3410388321668254,0,,,,,,,,,,,,,,,,,,,,,,,,,,,,,,,,,,,,,,,,,,,,,,,,,,,
2026-04-23,519317-824774-1776894716622,519317,824774,home_run,0.04230807095346867,0,,,,,,,,,,,,,,,,,,,,,,,,,,,,,,,,,,,,,,,,,,,,,,,,,,,
2026-04-23,677800-824774-1776894717612,677800,824774,home_run,0.020536864140042632,0,,,,,,,,,,,,,,,,,,,,,,,,,,,,,,,,,,,,,,,,,,,,,,,,,,,
2026-04-23,678882-824774-1776894717940,678882,824774,home_run,0.020352859706699533,0,,,,,,,,,,,,,,,,,,,,,,,,,,,,,,,,,,,,,,,,,,,,,,,,,,,
2026-04-23,596115-824774-1776894717653,596115,824774,home_run,0.02027014501534463,0,,,,,,,,,,,,,,,,,,,,,,,,,,,,,,,,,,,,,,,,,,,,,,,,,,,
2026-04-23,642708-824774-1776894715871,642708,824774,home_run,0.01968567694252288,1,,,,,,,,,,,,,,,,,,,,,,,,,,,,,,,,,,,,,,,,,,,,,,,,,,,
2026-04-23,545341-824774-1776894715450,545341,824774,home_run,0.019510618085399223,0,,,,,,,,,,,,,,,,,,,,,,,,,,,,,,,,,,,,,,,,,,,,,,,,,,,
2026-04-23,655316-824774-1776894718627,655316,824774,home_run,0.019189136516381655,0,,,,,,,,,,,,,,,,,,,,,,,,,,,,,,,,,,,,,,,,,,,,,,,,,,,
2026-04-23,502671-824774-1776894715604,502671,824774,home_run,0.01890683790583525,0,,,,,,,,,,,,,,,,,,,,,,,,,,,,,,,,,,,,,,,,,,,,,,,,,,,
2026-04-23,575929-824774-1776894717728,575929,824774,home_run,0.01879915992186454,0,,,,,,,,,,,,,,,,,,,,,,,,,,,,,,,,,,,,,,,,,,,,,,,,,,,
2026-04-23,676609-824774-1776894716035,676609,824774,home_run,0.018738123256887618,0,,,,,,,,,,,,,,,,,,,,,,,,,,,,,,,,,,,,,,,,,,,,,,,,,,,
2026-04-23,641355-824774-1776894716380,641355,824774,home_run,0.01872461139837145,0,,,,,,,,,,,,,,,,,,,,,,,,,,,,,,,,,,,,,,,,,,,,,,,,,,,
2026-04-23,680776-824774-1776894717525,680776,824774,home_run,0.018717761815312595,0,,,,,,,,,,,,,,,,,,,,,,,,,,,,,,,,,,,,,,,,,,,,,,,,,,,
2026-04-23,665862-824774-1776894716363,665862,824774,home_run,0.018192784620249425,0,,,,,,,,,,,,,,,,,,,,,,,,,,,,,,,,,,,,,,,,,,,,,,,,,,,
2026-04-23,702332-824774-1776894717493,702332,824774,home_run,0.017802419264208225,0,,,,,,,,,,,,,,,,,,,,,,,,,,,,,,,,,,,,,,,,,,,,,,,,,,,
2026-04-23,643396-824774-1776894717522,643396,824774,home_run,0.017478575380109662,0,,,,,,,,,,,,,,,,,,,,,,,,,,,,,,,,,,,,,,,,,,,,,,,,,,,
2026-04-23,657136-824774-1776894718048,657136,824774,home_run,0.01731812648762765,0,,,,,,,,,,,,,,,,,,,,,,,,,,,,,,,,,,,,,,,,,,,,,,,,,,,
2026-04-23,669224-824774-1776894715245,669224,824774,home_run,0.015406479502003356,0,,,,,,,,,,,,,,,,,,,,,,,,,,,,,,,,,,,,,,,,,,,,,,,,,,,
2026-04-23,621566-822748-1776896481411,621566,822748,home_run,0.3262536819810513,1,,,,,,,,,,,,,,,,,,,,,,,,,,,,,,,,,,,,,,,,,,,,,,,,,,,
2026-04-23,671739-822748-1776896481360,671739,822748,home_run,0.247047354408936,1,,,,,,,,,,,,,,,,,,,,,,,,,,,,,,,,,,,,,,,,,,,,,,,,,,,
2026-04-23,695578-822748-1776896481289,695578,822748,home_run,0.24006997820697284,1,,,,,,,,,,,,,,,,,,,,,,,,,,,,,,,,,,,,,,,,,,,,,,,,,,,
2026-04-23,686948-822748-1776896481899,686948,822748,home_run,0.1830097594000848,1,,,,,,,,,,,,,,,,,,,,,,,,,,,,,,,,,,,,,,,,,,,,,,,,,,,
2026-04-23,671277-822748-1776896481518,671277,822748,home_run,0.021297636781461904,0,,,,,,,,,,,,,,,,,,,,,,,,,,,,,,,,,,,,,,,,,,,,,,,,,,,
2026-04-23,691781-822748-1776896481286,691781,822748,home_run,0.02078369863403251,0,,,,,,,,,,,,,,,,,,,,,,,,,,,,,,,,,,,,,,,,,,,,,,,,,,,
2026-04-23,660670-822748-1776896481957,660670,822748,home_run,0.01990882865417054,0,,,,,,,,,,,,,,,,,,,,,,,,,,,,,,,,,,,,,,,,,,,,,,,,,,,
2026-04-23,645277-822748-1776896481398,645277,822748,home_run,0.019821262848453425,0,,,,,,,,,,,,,,,,,,,,,,,,,,,,,,,,,,,,,,,,,,,,,,,,,,,
2026-04-23,663586-822748-1776896481523,663586,822748,home_run,0.01968816310803534,0,,,,,,,,,,,,,,,,,,,,,,,,,,,,,,,,,,,,,,,,,,,,,,,,,,,
2026-04-23,695734-822748-1776896482643,695734,822748,home_run,0.01964125038144171,1,,,,,,,,,,,,,,,,,,,,,,,,,,,,,,,,,,,,,,,,,,,,,,,,,,,
2026-04-23,696285-822748-1776896481276,696285,822748,home_run,0.019288267670945047,0,,,,,,,,,,,,,,,,,,,,,,,,,,,,,,,,,,,,,,,,,,,,,,,,,,,
2026-04-23,643289-822748-1776896481568,643289,822748,home_run,0.019125461780285513,0,,,,,,,,,,,,,,,,,,,,,,,,,,,,,,,,,,,,,,,,,,,,,,,,,,,
2026-04-23,682928-822748-1776896482166,682928,822748,home_run,0.019020311537665924,0,,,,,,,,,,,,,,,,,,,,,,,,,,,,,,,,,,,,,,,,,,,,,,,,,,,
2026-04-23,677588-822748-1776896481255,677588,822748,home_run,0.018083636867453845,0,,,,,,,,,,,,,,,,,,,,,,,,,,,,,,,,,,,,,,,,,,,,,,,,,,,
2026-04-23,573262-822748-1776896483419,573262,822748,home_run,0.017722018379285553,0,,,,,,,,,,,,,,,,,,,,,,,,,,,,,,,,,,,,,,,,,,,,,,,,,,,
2026-04-23,660688-822748-1776896481720,660688,822748,home_run,0.017586129460085753,0,,,,,,,,,,,,,,,,,,,,,,,,,,,,,,,,,,,,,,,,,,,,,,,,,,,
2026-04-23,641680-822748-1776896481317,641680,822748,home_run,0.017439001791081155,0,,,,,,,,,,,,,,,,,,,,,,,,,,,,,,,,,,,,,,,,,,,,,,,,,,,
2026-04-23,678391-822748-1776896481496,678391,822748,home_run,0.015439314422803219,0,,,,,,,,,,,,,,,,,,,,,,,,,,,,,,,,,,,,,,,,,,,,,,,,,,,
2026-04-23,661388-824286-1776896716017,661388,824286,hit,0.7259539913027884,1,1,,,,,,,,,,,,,,,,,,,,,,,,,,,,,,,,,,,,,,,,,,,,,,,,,,
2026-04-23,805808-824286-1776896715898,805808,824286,hit,0.7160903340999729,1,1,,,,,,,,,,,,,,,,,,,,,,,,,,,,,,,,,,,,,,,,,,,,,,,,,,
2026-04-23,668930-824286-1776896715921,668930,824286,hit,0.6845861824889121,0,0,,,,,,,,,,,,,,,,,,,,,,,,,,,,,,,,,,,,,,,,,,,,,,,,,,
2026-04-23,641343-824286-1776896722149,641343,824286,hit,0.6789764140316767,1,1,,,,,,,,,,,,,,,,,,,,,,,,,,,,,,,,,,,,,,,,,,,,,,,,,,
2026-04-23,663604-824286-1776896735154,663604,824286,hit,0.6602914540691361,1,1,,,,,,,,,,,,,,,,,,,,,,,,,,,,,,,,,,,,,,,,,,,,,,,,,,
2026-04-23,663330-824286-1776896715866,663330,824286,hit,0.6469716964399999,0,0,,,,,,,,,,,,,,,,,,,,,,,,,,,,,,,,,,,,,,,,,,,,,,,,,,
2026-04-23,682985-824286-1776896716050,682985,824286,hit,0.6384990962129292,1,1,,,,,,,,,,,,,,,,,,,,,,,,,,,,,,,,,,,,,,,,,,,,,,,,,,
2026-04-23,596142-824286-1776896717133,596142,824286,hit,0.5829477959707723,0,0,,,,,,,,,,,,,,,,,,,,,,,,,,,,,,,,,,,,,,,,,,,,,,,,,,
2026-04-23,595879-824286-1776896716149,595879,824286,hit,0.5684854599958059,1,1,,,,,,,,,,,,,,,,,,,,,,,,,,,,,,,,,,,,,,,,,,,,,,,,,,
2026-04-23,686217-824286-1776896715915,686217,824286,hit,0.5607841928994401,1,1,,,,,,,,,,,,,,,,,,,,,,,,,,,,,,,,,,,,,,,,,,,,,,,,,,
2026-04-23,669003-824286-1776896715857,669003,824286,hit,0.5436025329719274,0,0,,,,,,,,,,,,,,,,,,,,,,,,,,,,,,,,,,,,,,,,,,,,,,,,,,
2026-04-23,668670-824286-1776896715828,668670,824286,hit,0.5323948228077682,0,0,,,,,,,,,,,,,,,,,,,,,,,,,,,,,,,,,,,,,,,,,,,,,,,,,,
2026-04-23,666152-824286-1776896716014,666152,824286,hit,0.5287202160384893,0,0,,,,,,,,,,,,,,,,,,,,,,,,,,,,,,,,,,,,,,,,,,,,,,,,,,
2026-04-23,650402-824286-1776896715910,650402,824286,hit,0.5245938787260497,1,1,,,,,,,,,,,,,,,,,,,,,,,,,,,,,,,,,,,,,,,,,,,,,,,,,,
2026-04-23,687401-824286-1776896715981,687401,824286,hit,0.5151233362737578,0,0,,,,,,,,,,,,,,,,,,,,,,,,,,,,,,,,,,,,,,,,,,,,,,,,,,
2026-04-23,681481-824286-1776896715875,681481,824286,hit,0.5072292110419065,1,1,,,,,,,,,,,,,,,,,,,,,,,,,,,,,,,,,,,,,,,,,,,,,,,,,,
2026-04-23,672761-824286-1776896715892,672761,824286,hit,0.49292330971626064,0,0,,,,,,,,,,,,,,,,,,,,,,,,,,,,,,,,,,,,,,,,,,,,,,,,,,
2026-04-23,679529-824286-1776896716206,679529,824286,hit,0.47543734997852805,1,1,,,,,,,,,,,,,,,,,,,,,,,,,,,,,,,,,,,,,,,,,,,,,,,,,,
2026-04-23,642708-824774-1776899180605,642708,824774,hit,0.6596334458870832,1,1,,,,,,,,,,,,,,,,,,,,,,,,,,,,,,,,,,,,,,,,,,,,,,,,,,
2026-04-23,665487-824367-1776894596128,665487,824367,hit,0.750272332654788,0,0,,,,,,,,,,,,,,,,,,,,,,,,,,,,,,,,,,,,,,,,,,,,,,,,,,
2026-04-23,657656-824367-1776894595965,657656,824367,hit,0.7444950695336752,0,0,,,,,,,,,,,,,,,,,,,,,,,,,,,,,,,,,,,,,,,,,,,,,,,,,,
2026-04-23,666160-824367-1776894595896,666160,824367,hit,0.7386689738581429,1,1,,,,,,,,,,,,,,,,,,,,,,,,,,,,,,,,,,,,,,,,,,,,,,,,,,
2026-04-23,593428-824367-1776894596649,593428,824367,hit,0.716290983741329,1,1,,,,,,,,,,,,,,,,,,,,,,,,,,,,,,,,,,,,,,,,,,,,,,,,,,
2026-04-23,687859-824367-1776894595805,687859,824367,hit,0.7059913429841291,1,1,,,,,,,,,,,,,,,,,,,,,,,,,,,,,,,,,,,,,,,,,,,,,,,,,,
2026-04-23,657757-824367-1776894595812,657757,824367,hit,0.6940568565174939,0,0,,,,,,,,,,,,,,,,,,,,,,,,,,,,,,,,,,,,,,,,,,,,,,,,,,
2026-04-23,669134-824367-1776894595839,669134,824367,hit,0.6903103650796949,1,1,,,,,,,,,,,,,,,,,,,,,,,,,,,,,,,,,,,,,,,,,,,,,,,,,,
2026-04-23,696100-824367-1776894595959,696100,824367,hit,0.6877165381375758,1,1,,,,,,,,,,,,,,,,,,,,,,,,,,,,,,,,,,,,,,,,,,,,,,,,,,
2026-04-23,666397-824367-1776894595830,666397,824367,hit,0.6719657932328049,1,1,,,,,,,,,,,,,,,,,,,,,,,,,,,,,,,,,,,,,,,,,,,,,,,,,,
2026-04-23,671289-824367-1776894596262,671289,824367,hit,0.6539915408902862,1,1,,,,,,,,,,,,,,,,,,,,,,,,,,,,,,,,,,,,,,,,,,,,,,,,,,
2026-04-23,681198-824367-1776894595946,681198,824367,hit,0.6443879982347087,1,1,,,,,,,,,,,,,,,,,,,,,,,,,,,,,,,,,,,,,,,,,,,,,,,,,,
2026-04-23,701538-824367-1776894596700,701538,824367,hit,0.6330801958438759,1,1,,,,,,,,,,,,,,,,,,,,,,,,,,,,,,,,,,,,,,,,,,,,,,,,,,
2026-04-23,650489-824367-1776894596260,650489,824367,hit,0.6190435091624737,1,1,,,,,,,,,,,,,,,,,,,,,,,,,,,,,,,,,,,,,,,,,,,,,,,,,,
2026-04-23,592206-824367-1776894596679,592206,824367,hit,0.6057516662910309,0,0,,,,,,,,,,,,,,,,,,,,,,,,,,,,,,,,,,,,,,,,,,,,,,,,,,
2026-04-23,592518-824367-1776894596222,592518,824367,hit,0.5763208107870921,1,1,,,,,,,,,,,,,,,,,,,,,,,,,,,,,,,,,,,,,,,,,,,,,,,,,,
2026-04-23,630105-824367-1776894595828,630105,824367,hit,0.5509898463627914,0,0,,,,,,,,,,,,,,,,,,,,,,,,,,,,,,,,,,,,,,,,,,,,,,,,,,
2026-04-23,664983-824367-1776894598074,664983,824367,hit,0.5423729436430085,1,1,,,,,,,,,,,,,,,,,,,,,,,,,,,,,,,,,,,,,,,,,,,,,,,,,,
2026-04-23,691720-824367-1776894596767,691720,824367,hit,0.5291848817666942,1,1,,,,,,,,,,,,,,,,,,,,,,,,,,,,,,,,,,,,,,,,,,,,,,,,,,
2026-04-23,665742-823641-1776895475797,665742,823641,home_run,0.14206290231273044,0,,,,,,,,,,,,,,,,,,,,,,,,,,,,,,,,,,,,,,,,,,,,,,,,,,,
2026-04-23,682626-823641-1776895484270,682626,823641,home_run,0.04208659098167622,0,,,,,,,,,,,,,,,,,,,,,,,,,,,,,,,,,,,,,,,,,,,,,,,,,,,
2026-04-23,668901-823641-1776895474815,668901,823641,home_run,0.023579701145760357,0,,,,,,,,,,,,,,,,,,,,,,,,,,,,,,,,,,,,,,,,,,,,,,,,,,,
2026-04-23,666182-823641-1776895475614,666182,823641,home_run,0.021706600542391596,0,,,,,,,,,,,,,,,,,,,,,,,,,,,,,,,,,,,,,,,,,,,,,,,,,,,
2026-04-23,621439-823641-1776895476687,621439,823641,home_run,0.021364015569484418,1,,,,,,,,,,,,,,,,,,,,,,,,,,,,,,,,,,,,,,,,,,,,,,,,,,,
2026-04-23,807712-823641-1776895476516,807712,823641,home_run,0.019609110895521087,0,,,,,,,,,,,,,,,,,,,,,,,,,,,,,,,,,,,,,,,,,,,,,,,,,,,
2026-04-23,605137-823641-1776895477366,605137,823641,home_run,0.01952489558348003,0,,,,,,,,,,,,,,,,,,,,,,,,,,,,,,,,,,,,,,,,,,,,,,,,,,,
2026-04-23,596019-823641-1776895477505,596019,823641,home_run,0.019250772509233904,0,,,,,,,,,,,,,,,,,,,,,,,,,,,,,,,,,,,,,,,,,,,,,,,,,,,
2026-04-23,673357-823641-1776895475055,673357,823641,home_run,0.019141700886381563,0,,,,,,,,,,,,,,,,,,,,,,,,,,,,,,,,,,,,,,,,,,,,,,,,,,,
2026-04-23,665019-823641-1776895476263,665019,823641,home_run,0.018638219698007163,0,,,,,,,,,,,,,,,,,,,,,,,,,,,,,,,,,,,,,,,,,,,,,,,,,,,
2026-04-23,502054-823641-1776895474678,502054,823641,home_run,0.018294491655864387,0,,,,,,,,,,,,,,,,,,,,,,,,,,,,,,,,,,,,,,,,,,,,,,,,,,,
2026-04-23,605170-823641-1776895476431,605170,823641,home_run,0.01819746436997538,0,,,,,,,,,,,,,,,,,,,,,,,,,,,,,,,,,,,,,,,,,,,,,,,,,,,
2026-04-23,670242-823641-1776895476512,670242,823641,home_run,0.018138673157522045,0,,,,,,,,,,,,,,,,,,,,,,,,,,,,,,,,,,,,,,,,,,,,,,,,,,,
2026-04-23,543760-823641-1776895478121,543760,823641,home_run,0.017835587757334626,0,,,,,,,,,,,,,,,,,,,,,,,,,,,,,,,,,,,,,,,,,,,,,,,,,,,
2026-04-23,686797-823641-1776895476430,686797,823641,home_run,0.01779691862995314,0,,,,,,,,,,,,,,,,,,,,,,,,,,,,,,,,,,,,,,,,,,,,,,,,,,,
2026-04-23,621438-823641-1776895474352,621438,823641,home_run,0.017692214291714525,0,,,,,,,,,,,,,,,,,,,,,,,,,,,,,,,,,,,,,,,,,,,,,,,,,,,
2026-04-23,663616-823641-1776895477369,663616,823641,home_run,0.017644436818842757,0,,,,,,,,,,,,,,,,,,,,,,,,,,,,,,,,,,,,,,,,,,,,,,,,,,,
2026-04-23,668904-823641-1776895476702,668904,823641,home_run,0.016317321142237384,0,,,,,,,,,,,,,,,,,,,,,,,,,,,,,,,,,,,,,,,,,,,,,,,,,,,
2026-04-23,663538-824688-1776895514078,663538,824688,hit,0.7420072250081493,1,1,,,,,,,,,,,,,,,,,,,,,,,,,,,,,,,,,,,,,,,,,,,,,,,,,,
2026-04-23,547180-824688-1776895513751,547180,824688,hit,0.6712838964329402,0,0,,,,,,,,,,,,,,,,,,,,,,,,,,,,,,,,,,,,,,,,,,,,,,,,,,
2026-04-23,664023-824688-1776895514077,664023,824688,hit,0.6694646898618104,1,1,,,,,,,,,,,,,,,,,,,,,,,,,,,,,,,,,,,,,,,,,,,,,,,,,,
2026-04-23,608324-824688-1776895513992,608324,824688,hit,0.6347796352570014,1,1,,,,,,,,,,,,,,,,,,,,,,,,,,,,,,,,,,,,,,,,,,,,,,,,,,
2026-04-23,673548-824688-1776895515155,673548,824688,hit,0.6323534054683315,1,1,,,,,,,,,,,,,,,,,,,,,,,,,,,,,,,,,,,,,,,,,,,,,,,,,,
2026-04-23,694025-824688-1776895513906,694025,824688,hit,0.629114595365053,1,1,,,,,,,,,,,,,,,,,,,,,,,,,,,,,,,,,,,,,,,,,,,,,,,,,,
2026-04-23,691718-824688-1776895513928,691718,824688,hit,0.5830903856476353,1,1,,,,,,,,,,,,,,,,,,,,,,,,,,,,,,,,,,,,,,,,,,,,,,,,,,
2026-04-23,694208-824688-1776895513416,694208,824688,hit,0.5777385901950374,1,1,,,,,,,,,,,,,,,,,,,,,,,,,,,,,,,,,,,,,,,,,,,,,,,,,,
2026-04-23,607208-824688-1776895514743,607208,824688,hit,0.5652964282266637,1,1,,,,,,,,,,,,,,,,,,,,,,,,,,,,,,,,,,,,,,,,,,,,,,,,,,
2026-04-23,665804-824688-1776895513217,665804,824688,hit,0.5615080535447368,0,0,,,,,,,,,,,,,,,,,,,,,,,,,,,,,,,,,,,,,,,,,,,,,,,,,,
2026-04-23,656941-824688-1776895514351,656941,824688,hit,0.5416931848462696,0,0,,,,,,,,,,,,,,,,,,,,,,,,,,,,,,,,,,,,,,,,,,,,,,,,,,
2026-04-23,621020-824688-1776895513812,621020,824688,hit,0.5387258875167271,0,0,,,,,,,,,,,,,,,,,,,,,,,,,,,,,,,,,,,,,,,,,,,,,,,,,,
2026-04-23,624641-824688-1776895513707,624641,824688,hit,0.5335042920066047,1,1,,,,,,,,,,,,,,,,,,,,,,,,,,,,,,,,,,,,,,,,,,,,,,,,,,
2026-04-23,683737-824688-1776895515751,683737,824688,hit,0.5327236410235744,1,1,,,,,,,,,,,,,,,,,,,,,,,,,,,,,,,,,,,,,,,,,,,,,,,,,,
2026-04-23,702222-824688-1776895513940,702222,824688,hit,0.5218791832633247,1,1,,,,,,,,,,,,,,,,,,,,,,,,,,,,,,,,,,,,,,,,,,,,,,,,,,
2026-04-23,666969-824688-1776895514322,666969,824688,hit,0.5024672417306595,1,1,,,,,,,,,,,,,,,,,,,,,,,,,,,,,,,,,,,,,,,,,,,,,,,,,,
2026-04-23,665561-824688-1776895513691,665561,824688,hit,0.39257211447808316,1,1,,,,,,,,,,,,,,,,,,,,,,,,,,,,,,,,,,,,,,,,,,,,,,,,,,
2026-04-23,664761-824688-1776895514592,664761,824688,hit,0.358016651311159,1,1,,,,,,,,,,,,,,,,,,,,,,,,,,,,,,,,,,,,,,,,,,,,,,,,,,
2026-04-23,665833-822913-1776896597742,665833,822913,hit,0.7420184037605995,1,1,,,,,,,,,,,,,,,,,,,,,,,,,,,,,,,,,,,,,,,,,,,,,,,,,,
2026-04-23,656811-822913-1776896597566,656811,822913,hit,0.7191441738295954,1,1,,,,,,,,,,,,,,,,,,,,,,,,,,,,,,,,,,,,,,,,,,,,,,,,,,
2026-04-23,664040-822913-1776896597452,664040,822913,hit,0.7122312566073639,1,1,,,,,,,,,,,,,,,,,,,,,,,,,,,,,,,,,,,,,,,,,,,,,,,,,,
2026-04-23,693304-822913-1776896597368,693304,822913,hit,0.6931228705387096,1,1,,,,,,,,,,,,,,,,,,,,,,,,,,,,,,,,,,,,,,,,,,,,,,,,,,
2026-04-23,607043-822913-1776896597526,607043,822913,hit,0.6740942394869263,1,1,,,,,,,,,,,,,,,,,,,,,,,,,,,,,,,,,,,,,,,,,,,,,,,,,,
2026-04-23,673962-822913-1776896597524,673962,822913,hit,0.6689581820092212,1,1,,,,,,,,,,,,,,,,,,,,,,,,,,,,,,,,,,,,,,,,,,,,,,,,,,
2026-04-23,542303-822913-1776896597498,542303,822913,hit,0.6335803592258235,1,1,,,,,,,,,,,,,,,,,,,,,,,,,,,,,,,,,,,,,,,,,,,,,,,,,,
2026-04-23,668804-822913-1776896597561,668804,822913,hit,0.6238977696429044,1,1,,,,,,,,,,,,,,,,,,,,,,,,,,,,,,,,,,,,,,,,,,,,,,,,,,
2026-04-23,687462-822913-1776896597672,687462,822913,hit,0.6154721172743536,1,1,,,,,,,,,,,,,,,,,,,,,,,,,,,,,,,,,,,,,,,,,,,,,,,,,,
2026-04-23,677649-822913-1776896597760,677649,822913,hit,0.6129248528324143,0,0,,,,,,,,,,,,,,,,,,,,,,,,,,,,,,,,,,,,,,,,,,,,,,,,,,
2026-04-23,669394-822913-1776896605881,669394,822913,hit,0.6022986369497554,1,1,,,,,,,,,,,,,,,,,,,,,,,,,,,,,,,,,,,,,,,,,,,,,,,,,,
2026-04-23,592626-822913-1776896597545,592626,822913,hit,0.5713853863702603,0,0,,,,,,,,,,,,,,,,,,,,,,,,,,,,,,,,,,,,,,,,,,,,,,,,,,
2026-04-23,804606-822913-1776896597525,804606,822913,hit,0.5694192332474699,0,0,,,,,,,,,,,,,,,,,,,,,,,,,,,,,,,,,,,,,,,,,,,,,,,,,,
2026-04-23,543309-822913-1776896597300,543309,822913,hit,0.5457729833495555,1,1,,,,,,,,,,,,,,,,,,,,,,,,,,,,,,,,,,,,,,,,,,,,,,,,,,
2026-04-23,608369-822913-1776896597994,608369,822913,hit,0.4944353249123098,0,0,,,,,,,,,,,,,,,,,,,,,,,,,,,,,,,,,,,,,,,,,,,,,,,,,,
2026-04-23,680779-822913-1776896597707,680779,822913,hit,0.491904531423332,0,0,,,,,,,,,,,,,,,,,,,,,,,,,,,,,,,,,,,,,,,,,,,,,,,,,,
2026-04-23,694497-822913-1776896597700,694497,822913,hit,0.48894455024795924,1,1,,,,,,,,,,,,,,,,,,,,,,,,,,,,,,,,,,,,,,,,,,,,,,,,,,
2026-04-23,669701-822913-1776896598091,669701,822913,hit,0.4743046932726205,0,0,,,,,,,,,,,,,,,,,,,,,,,,,,,,,,,,,,,,,,,,,,,,,,,,,,
2026-04-23,665833-822913-1776896616240,665833,822913,hit,0.7420184037605995,1,1,,,,,,,,,,,,,,,,,,,,,,,,,,,,,,,,,,,,,,,,,,,,,,,,,,
2026-04-23,621439-823641-1776896815055,621439,823641,hit,0.6894898716636666,1,1,,,,,,,,,,,,,,,,,,,,,,,,,,,,,,,,,,,,,,,,,,,,,,,,,,
2026-04-23,666182-823641-1776896814958,666182,823641,hit,0.6784756179812728,1,1,,,,,,,,,,,,,,,,,,,,,,,,,,,,,,,,,,,,,,,,,,,,,,,,,,
2026-04-23,665742-823641-1776896814965,665742,823641,hit,0.6782110718420986,1,1,,,,,,,,,,,,,,,,,,,,,,,,,,,,,,,,,,,,,,,,,,,,,,,,,,
2026-04-23,673357-823641-1776896814959,673357,823641,hit,0.6529864403165855,0,0,,,,,,,,,,,,,,,,,,,,,,,,,,,,,,,,,,,,,,,,,,,,,,,,,,
2026-04-23,668901-823641-1776896814959,668901,823641,hit,0.6521745885673069,1,1,,,,,,,,,,,,,,,,,,,,,,,,,,,,,,,,,,,,,,,,,,,,,,,,,,
2026-04-23,543760-823641-1776896814963,543760,823641,hit,0.6510208397412146,1,1,,,,,,,,,,,,,,,,,,,,,,,,,,,,,,,,,,,,,,,,,,,,,,,,,,
2026-04-23,663616-823641-1776896814966,663616,823641,hit,0.6056520569812109,1,1,,,,,,,,,,,,,,,,,,,,,,,,,,,,,,,,,,,,,,,,,,,,,,,,,,
2026-04-23,605137-823641-1776896815051,605137,823641,hit,0.6015194335522562,1,1,,,,,,,,,,,,,,,,,,,,,,,,,,,,,,,,,,,,,,,,,,,,,,,,,,
2026-04-23,605170-823641-1776896815053,605170,823641,hit,0.6000991973419045,0,0,,,,,,,,,,,,,,,,,,,,,,,,,,,,,,,,,,,,,,,,,,,,,,,,,,
2026-04-23,596019-823641-1776896814959,596019,823641,hit,0.5925062594151511,1,1,,,,,,,,,,,,,,,,,,,,,,,,,,,,,,,,,,,,,,,,,,,,,,,,,,
2026-04-23,682626-823641-1776896814962,682626,823641,hit,0.5711623443584521,1,1,,,,,,,,,,,,,,,,,,,,,,,,,,,,,,,,,,,,,,,,,,,,,,,,,,
2026-04-23,621438-823641-1776896815042,621438,823641,hit,0.5582713273820631,1,1,,,,,,,,,,,,,,,,,,,,,,,,,,,,,,,,,,,,,,,,,,,,,,,,,,
2026-04-23,807712-823641-1776896815056,807712,823641,hit,0.554113577864108,0,0,,,,,,,,,,,,,,,,,,,,,,,,,,,,,,,,,,,,,,,,,,,,,,,,,,
2026-04-23,665019-823641-1776896815020,665019,823641,hit,0.546349503611526,1,1,,,,,,,,,,,,,,,,,,,,,,,,,,,,,,,,,,,,,,,,,,,,,,,,,,
2026-04-23,502054-823641-1776896814958,502054,823641,hit,0.5411191385711764,0,0,,,,,,,,,,,,,,,,,,,,,,,,,,,,,,,,,,,,,,,,,,,,,,,,,,
2026-04-23,668904-823641-1776896815049,668904,823641,hit,0.5347695538361963,1,1,,,,,,,,,,,,,,,,,,,,,,,,,,,,,,,,,,,,,,,,,,,,,,,,,,
2026-04-23,670242-823641-1776896815056,670242,823641,hit,0.5284030066039065,1,1,,,,,,,,,,,,,,,,,,,,,,,,,,,,,,,,,,,,,,,,,,,,,,,,,,
2026-04-23,686797-823641-1776896815052,686797,823641,hit,0.5004301383380916,1,1,,,,,,,,,,,,,,,,,,,,,,,,,,,,,,,,,,,,,,,,,,,,,,,,,,
2026-04-23,656305-823231-1776896852450,656305,823231,hit,0.615580145921496,1,1,,,,,,,,,,,,,,,,,,,,,,,,,,,,,,,,,,,,,,,,,,,,,,,,,,
2026-04-23,650333-823231-1776896852418,650333,823231,hit,0.6002510533905483,1,1,,,,,,,,,,,,,,,,,,,,,,,,,,,,,,,,,,,,,,,,,,,,,,,,,,
2026-04-23,669477-823231-1776896852624,669477,823231,hit,0.5863785665279398,0,0,,,,,,,,,,,,,,,,,,,,,,,,,,,,,,,,,,,,,,,,,,,,,,,,,,
2026-04-23,642715-823231-1776896852440,642715,823231,hit,0.5818901527942828,0,0,,,,,,,,,,,,,,,,,,,,,,,,,,,,,,,,,,,,,,,,,,,,,,,,,,
2026-04-23,808982-823231-1776896852718,808982,823231,hit,0.5767076877736659,1,1,,,,,,,,,,,,,,,,,,,,,,,,,,,,,,,,,,,,,,,,,,,,,,,,,,
2026-04-23,687551-823231-1776896852322,687551,823231,hit,0.5327055918216913,0,0,,,,,,,,,,,,,,,,,,,,,,,,,,,,,,,,,,,,,,,,,,,,,,,,,,
2026-04-23,671218-823231-1776896852540,671218,823231,hit,0.5245284143012159,1,1,,,,,,,,,,,,,,,,,,,,,,,,,,,,,,,,,,,,,,,,,,,,,,,,,,
2026-04-23,646240-823231-1776896852437,646240,823231,hit,0.4697670449864092,1,1,,,,,,,,,,,,,,,,,,,,,,,,,,,,,,,,,,,,,,,,,,,,,,,,,,
2026-04-23,672275-823231-1776896852583,672275,823231,hit,0.3926877749089095,1,1,,,,,,,,,,,,,,,,,,,,,,,,,,,,,,,,,,,,,,,,,,,,,,,,,,
2026-04-23,664040-822913-1776898388455,664040,822913,home_run,0.4427174396357072,0,,,,,,,,,,,,,,,,,,,,,,,,,,,,,,,,,,,,,,,,,,,,,,,,,,,
2026-04-23,665833-822913-1776898388452,665833,822913,home_run,0.33701502123457017,1,,,,,,,,,,,,,,,,,,,,,,,,,,,,,,,,,,,,,,,,,,,,,,,,,,,
2026-04-23,656811-822913-1776898388522,656811,822913,home_run,0.2727032887322175,0,,,,,,,,,,,,,,,,,,,,,,,,,,,,,,,,,,,,,,,,,,,,,,,,,,,
2026-04-23,687462-822913-1776898388460,687462,822913,home_run,0.19928639415908625,0,,,,,,,,,,,,,,,,,,,,,,,,,,,,,,,,,,,,,,,,,,,,,,,,,,,
2026-04-23,542303-822913-1776898388456,542303,822913,home_run,0.1481007858758027,0,,,,,,,,,,,,,,,,,,,,,,,,,,,,,,,,,,,,,,,,,,,,,,,,,,,
2026-04-23,668804-822913-1776898388459,668804,822913,home_run,0.13842263217790604,0,,,,,,,,,,,,,,,,,,,,,,,,,,,,,,,,,,,,,,,,,,,,,,,,,,,
2026-04-23,608369-822913-1776898388456,608369,822913,home_run,0.08908666742395299,0,,,,,,,,,,,,,,,,,,,,,,,,,,,,,,,,,,,,,,,,,,,,,,,,,,,
2026-04-23,693304-822913-1776898388455,693304,822913,home_run,0.03228970812415227,0,,,,,,,,,,,,,,,,,,,,,,,,,,,,,,,,,,,,,,,,,,,,,,,,,,,
2026-04-23,804606-822913-1776898388454,804606,822913,home_run,0.030573963349703342,0,,,,,,,,,,,,,,,,,,,,,,,,,,,,,,,,,,,,,,,,,,,,,,,,,,,
2026-04-23,680779-822913-1776898388524,680779,822913,home_run,0.026876079996574462,0,,,,,,,,,,,,,,,,,,,,,,,,,,,,,,,,,,,,,,,,,,,,,,,,,,,
2026-04-23,669394-822913-1776898388457,669394,822913,home_run,0.02038025702287202,0,,,,,,,,,,,,,,,,,,,,,,,,,,,,,,,,,,,,,,,,,,,,,,,,,,,
2026-04-23,607043-822913-1776898388462,607043,822913,home_run,0.020233337980803765,0,,,,,,,,,,,,,,,,,,,,,,,,,,,,,,,,,,,,,,,,,,,,,,,,,,,
2026-04-23,673962-822913-1776898388522,673962,822913,home_run,0.01866320766183013,1,,,,,,,,,,,,,,,,,,,,,,,,,,,,,,,,,,,,,,,,,,,,,,,,,,,
2026-04-23,592626-822913-1776898388463,592626,822913,home_run,0.01750873515892839,0,,,,,,,,,,,,,,,,,,,,,,,,,,,,,,,,,,,,,,,,,,,,,,,,,,,
2026-04-23,677649-822913-1776898388518,677649,822913,home_run,0.016967376285024798,0,,,,,,,,,,,,,,,,,,,,,,,,,,,,,,,,,,,,,,,,,,,,,,,,,,,
2026-04-23,543309-822913-1776898388518,543309,822913,home_run,0.01670382908810153,0,,,,,,,,,,,,,,,,,,,,,,,,,,,,,,,,,,,,,,,,,,,,,,,,,,,
2026-04-23,669701-822913-1776898388519,669701,822913,home_run,0.01631677112563454,0,,,,,,,,,,,,,,,,,,,,,,,,,,,,,,,,,,,,,,,,,,,,,,,,,,,
2026-04-23,694497-822913-1776898388462,694497,822913,home_run,0.01604327674099526,0,,,,,,,,,,,,,,,,,,,,,,,,,,,,,,,,,,,,,,,,,,,,,,,,,,,
2026-04-23,664040-822913-1776898402295,664040,822913,home_run,0.4427174396357072,0,,,,,,,,,,,,,,,,,,,,,,,,,,,,,,,,,,,,,,,,,,,,,,,,,,,
2026-04-23,664023-824688-1776898463083,664023,824688,home_run,0.23778293167387565,0,,,,,,,,,,,,,,,,,,,,,,,,,,,,,,,,,,,,,,,,,,,,,,,,,,,
2026-04-23,621020-824688-1776898463090,621020,824688,home_run,0.23681949012439665,0,,,,,,,,,,,,,,,,,,,,,,,,,,,,,,,,,,,,,,,,,,,,,,,,,,,
2026-04-23,663538-824688-1776898463079,663538,824688,home_run,0.1216233170398445,0,,,,,,,,,,,,,,,,,,,,,,,,,,,,,,,,,,,,,,,,,,,,,,,,,,,
2026-04-23,608324-824688-1776898463093,608324,824688,home_run,0.0692502280763255,0,,,,,,,,,,,,,,,,,,,,,,,,,,,,,,,,,,,,,,,,,,,,,,,,,,,
2026-04-23,683737-824688-1776898463084,683737,824688,home_run,0.06453586318082238,1,,,,,,,,,,,,,,,,,,,,,,,,,,,,,,,,,,,,,,,,,,,,,,,,,,,
2026-04-23,694025-824688-1776898463015,694025,824688,home_run,0.06409600957751087,0,,,,,,,,,,,,,,,,,,,,,,,,,,,,,,,,,,,,,,,,,,,,,,,,,,,
2026-04-23,694208-824688-1776898463085,694208,824688,home_run,0.06195176187019181,0,,,,,,,,,,,,,,,,,,,,,,,,,,,,,,,,,,,,,,,,,,,,,,,,,,,
2026-04-23,673548-824688-1776898463072,673548,824688,home_run,0.061855614751250364,1,,,,,,,,,,,,,,,,,,,,,,,,,,,,,,,,,,,,,,,,,,,,,,,,,,,
2026-04-23,691718-824688-1776898463084,691718,824688,home_run,0.06067397781693456,0,,,,,,,,,,,,,,,,,,,,,,,,,,,,,,,,,,,,,,,,,,,,,,,,,,,
2026-04-23,665804-824688-1776898463092,665804,824688,home_run,0.05745415714640522,0,,,,,,,,,,,,,,,,,,,,,,,,,,,,,,,,,,,,,,,,,,,,,,,,,,,
2026-04-23,656941-824688-1776898463004,656941,824688,home_run,0.03418249836846722,0,,,,,,,,,,,,,,,,,,,,,,,,,,,,,,,,,,,,,,,,,,,,,,,,,,,
2026-04-23,607208-824688-1776898463012,607208,824688,home_run,0.019493182117123645,0,,,,,,,,,,,,,,,,,,,,,,,,,,,,,,,,,,,,,,,,,,,,,,,,,,,
2026-04-23,547180-824688-1776898463013,547180,824688,home_run,0.018165587502193683,0,,,,,,,,,,,,,,,,,,,,,,,,,,,,,,,,,,,,,,,,,,,,,,,,,,,
2026-04-23,624641-824688-1776898463002,624641,824688,home_run,0.017592686890499424,0,,,,,,,,,,,,,,,,,,,,,,,,,,,,,,,,,,,,,,,,,,,,,,,,,,,
2026-04-23,666969-824688-1776898463014,666969,824688,home_run,0.017272857781648204,0,,,,,,,,,,,,,,,,,,,,,,,,,,,,,,,,,,,,,,,,,,,,,,,,,,,
2026-04-23,664761-824688-1776898463000,664761,824688,home_run,0.017073447783827696,0,,,,,,,,,,,,,,,,,,,,,,,,,,,,,,,,,,,,,,,,,,,,,,,,,,,
2026-04-23,665561-824688-1776898463013,665561,824688,home_run,0.016544357353537143,0,,,,,,,,,,,,,,,,,,,,,,,,,,,,,,,,,,,,,,,,,,,,,,,,,,,
2026-04-23,702222-824688-1776898463016,702222,824688,home_run,0.015814419433403865,0,,,,,,,,,,,,,,,,,,,,,,,,,,,,,,,,,,,,,,,,,,,,,,,,,,,
2026-04-23,657656-824367-1776898479935,657656,824367,home_run,0.3109572754473049,0,,,,,,,,,,,,,,,,,,,,,,,,,,,,,,,,,,,,,,,,,,,,,,,,,,,
2026-04-23,593428-824367-1776898479544,593428,824367,home_run,0.2148327610429821,0,,,,,,,,,,,,,,,,,,,,,,,,,,,,,,,,,,,,,,,,,,,,,,,,,,,
2026-04-23,701538-824367-1776898479577,701538,824367,home_run,0.18727885467253602,0,,,,,,,,,,,,,,,,,,,,,,,,,,,,,,,,,,,,,,,,,,,,,,,,,,,
2026-04-23,665487-824367-1776898479573,665487,824367,home_run,0.1763233018579945,0,,,,,,,,,,,,,,,,,,,,,,,,,,,,,,,,,,,,,,,,,,,,,,,,,,,
2026-04-23,669134-824367-1776898479773,669134,824367,home_run,0.16357284907902925,1,,,,,,,,,,,,,,,,,,,,,,,,,,,,,,,,,,,,,,,,,,,,,,,,,,,
2026-04-23,592206-824367-1776898479810,592206,824367,home_run,0.1484406150767263,0,,,,,,,,,,,,,,,,,,,,,,,,,,,,,,,,,,,,,,,,,,,,,,,,,,,
2026-04-23,592518-824367-1776898479542,592518,824367,home_run,0.14424529799459862,0,,,,,,,,,,,,,,,,,,,,,,,,,,,,,,,,,,,,,,,,,,,,,,,,,,,
2026-04-23,657757-824367-1776898479776,657757,824367,home_run,0.14003981396630763,0,,,,,,,,,,,,,,,,,,,,,,,,,,,,,,,,,,,,,,,,,,,,,,,,,,,
2026-04-23,666160-824367-1776898479579,666160,824367,home_run,0.13804601498214375,0,,,,,,,,,,,,,,,,,,,,,,,,,,,,,,,,,,,,,,,,,,,,,,,,,,,
2026-04-23,630105-824367-1776898480007,630105,824367,home_run,0.09110067392125512,0,,,,,,,,,,,,,,,,,,,,,,,,,,,,,,,,,,,,,,,,,,,,,,,,,,,
2026-04-23,696100-824367-1776898479530,696100,824367,home_run,0.05023782852729599,1,,,,,,,,,,,,,,,,,,,,,,,,,,,,,,,,,,,,,,,,,,,,,,,,,,,
2026-04-23,666397-824367-1776898479702,666397,824367,home_run,0.0189519342005394,0,,,,,,,,,,,,,,,,,,,,,,,,,,,,,,,,,,,,,,,,,,,,,,,,,,,
2026-04-23,681198-824367-1776898479551,681198,824367,home_run,0.018021358153611063,0,,,,,,,,,,,,,,,,,,,,,,,,,,,,,,,,,,,,,,,,,,,,,,,,,,,
2026-04-23,687859-824367-1776898479478,687859,824367,home_run,0.017457694263374388,0,,,,,,,,,,,,,,,,,,,,,,,,,,,,,,,,,,,,,,,,,,,,,,,,,,,
2026-04-23,671289-824367-1776898479472,671289,824367,home_run,0.017266561267513192,0,,,,,,,,,,,,,,,,,,,,,,,,,,,,,,,,,,,,,,,,,,,,,,,,,,,
2026-04-23,650489-824367-1776898479552,650489,824367,home_run,0.01680125142722172,0,,,,,,,,,,,,,,,,,,,,,,,,,,,,,,,,,,,,,,,,,,,,,,,,,,,
2026-04-23,691720-824367-1776898479604,691720,824367,home_run,0.015089968710525894,0,,,,,,,,,,,,,,,,,,,,,,,,,,,,,,,,,,,,,,,,,,,,,,,,,,,
2026-04-23,664983-824367-1776898479458,664983,824367,home_run,0.014682069522259499,0,,,,,,,,,,,,,,,,,,,,,,,,,,,,,,,,,,,,,,,,,,,,,,,,,,,
2026-04-23,571970-823231-1776898504921,571970,823231,home_run,0.26835753029903875,0,,,,,,,,,,,,,,,,,,,,,,,,,,,,,,,,,,,,,,,,,,,,,,,,,,,
2026-04-23,606192-823231-1776898504704,606192,823231,home_run,0.18527459134478852,0,,,,,,,,,,,,,,,,,,,,,,,,,,,,,,,,,,,,,,,,,,,,,,,,,,,
2026-04-23,500743-823231-1776898504793,500743,823231,home_run,0.14723082730504075,0,,,,,,,,,,,,,,,,,,,,,,,,,,,,,,,,,,,,,,,,,,,,,,,,,,,
2026-04-23,681624-823231-1776898504575,681624,823231,home_run,0.09295477347846341,0,,,,,,,,,,,,,,,,,,,,,,,,,,,,,,,,,,,,,,,,,,,,,,,,,,,
2026-04-23,669257-823231-1776898504579,669257,823231,home_run,0.05709944057052339,0,,,,,,,,,,,,,,,,,,,,,,,,,,,,,,,,,,,,,,,,,,,,,,,,,,,
2026-04-23,663656-823231-1776898504712,663656,823231,home_run,0.056882631770468484,0,,,,,,,,,,,,,,,,,,,,,,,,,,,,,,,,,,,,,,,,,,,,,,,,,,,
2026-04-23,518692-823231-1776898504755,518692,823231,home_run,0.056257932394791044,0,,,,,,,,,,,,,,,,,,,,,,,,,,,,,,,,,,,,,,,,,,,,,,,,,,,
2026-04-23,808975-823231-1776898504718,808975,823231,home_run,0.04518456473178639,0,,,,,,,,,,,,,,,,,,,,,,,,,,,,,,,,,,,,,,,,,,,,,,,,,,,
2026-04-23,642715-823231-1776898502884,642715,823231,home_run,0.02027009189120837,0,,,,,,,,,,,,,,,,,,,,,,,,,,,,,,,,,,,,,,,,,,,,,,,,,,,
2026-04-23,650333-823231-1776898502933,650333,823231,home_run,0.01936842136244025,0,,,,,,,,,,,,,,,,,,,,,,,,,,,,,,,,,,,,,,,,,,,,,,,,,,,
2026-04-23,656305-823231-1776898502936,656305,823231,home_run,0.019267544022139833,0,,,,,,,,,,,,,,,,,,,,,,,,,,,,,,,,,,,,,,,,,,,,,,,,,,,
2026-04-23,646240-823231-1776898502881,646240,823231,home_run,0.019094272047706706,0,,,,,,,,,,,,,,,,,,,,,,,,,,,,,,,,,,,,,,,,,,,,,,,,,,,
2026-04-23,669477-823231-1776898502944,669477,823231,home_run,0.018187311415564924,0,,,,,,,,,,,,,,,,,,,,,,,,,,,,,,,,,,,,,,,,,,,,,,,,,,,
2026-04-23,671218-823231-1776898502942,671218,823231,home_run,0.017563345245384183,0,,,,,,,,,,,,,,,,,,,,,,,,,,,,,,,,,,,,,,,,,,,,,,,,,,,
2026-04-23,808982-823231-1776898502881,808982,823231,home_run,0.017328411092085716,0,,,,,,,,,,,,,,,,,,,,,,,,,,,,,,,,,,,,,,,,,,,,,,,,,,,
2026-04-23,687551-823231-1776898502879,687551,823231,home_run,0.016405103188043356,0,,,,,,,,,,,,,,,,,,,,,,,,,,,,,,,,,,,,,,,,,,,,,,,,,,,
2026-04-23,672275-823231-1776898502883,672275,823231,home_run,0.016092511143809732,1,,,,,,,,,,,,,,,,,,,,,,,,,,,,,,,,,,,,,,,,,,,,,,,,,,,
2026-04-23,808959-825097-1776899032338,808959,825097,home_run,0.31041279755225526,1,,,,,,,,,,,,,,,,,,,,,,,,,,,,,,,,,,,,,,,,,,,,,,,,,,,
2026-04-23,545121-825097-1776899032346,545121,825097,home_run,0.2518699083140663,1,,,,,,,,,,,,,,,,,,,,,,,,,,,,,,,,,,,,,,,,,,,,,,,,,,,
2026-04-23,606466-825097-1776899032491,606466,825097,home_run,0.21377250024420774,0,,,,,,,,,,,,,,,,,,,,,,,,,,,,,,,,,,,,,,,,,,,,,,,,,,,
2026-04-23,682998-825097-1776899032655,682998,825097,home_run,0.2068253075553687,0,,,,,,,,,,,,,,,,,,,,,,,,,,,,,,,,,,,,,,,,,,,,,,,,,,,
2026-04-23,678489-825097-1776899032881,678489,825097,home_run,0.1753456472544364,0,,,,,,,,,,,,,,,,,,,,,,,,,,,,,,,,,,,,,,,,,,,,,,,,,,,
2026-04-23,571448-825097-1776899032856,571448,825097,home_run,0.15343636840885685,1,,,,,,,,,,,,,,,,,,,,,,,,,,,,,,,,,,,,,,,,,,,,,,,,,,,
2026-04-23,678246-825097-1776899032370,678246,825097,home_run,0.14185385325848865,1,,,,,,,,,,,,,,,,,,,,,,,,,,,,,,,,,,,,,,,,,,,,,,,,,,,
2026-04-23,695657-825097-1776899032479,695657,825097,home_run,0.10921662266347495,1,,,,,,,,,,,,,,,,,,,,,,,,,,,,,,,,,,,,,,,,,,,,,,,,,,,
2026-04-23,677592-825097-1776899032437,677592,825097,home_run,0.10315394409217962,0,,,,,,,,,,,,,,,,,,,,,,,,,,,,,,,,,,,,,,,,,,,,,,,,,,,
2026-04-23,672695-825097-1776899032552,672695,825097,home_run,0.10078991808434885,0,,,,,,,,,,,,,,,,,,,,,,,,,,,,,,,,,,,,,,,,,,,,,,,,,,,
2026-04-23,666971-825097-1776899032614,666971,825097,home_run,0.07332935349853106,0,,,,,,,,,,,,,,,,,,,,,,,,,,,,,,,,,,,,,,,,,,,,,,,,,,,
2026-04-23,543510-825097-1776899032421,543510,825097,home_run,0.06633072181025135,0,,,,,,,,,,,,,,,,,,,,,,,,,,,,,,,,,,,,,,,,,,,,,,,,,,,
2026-04-23,656537-825097-1776899032892,656537,825097,home_run,0.0553289022454748,0,,,,,,,,,,,,,,,,,,,,,,,,,,,,,,,,,,,,,,,,,,,,,,,,,,,
2026-04-23,695020-825097-1776899032354,695020,825097,home_run,0.052719116687680444,0,,,,,,,,,,,,,,,,,,,,,,,,,,,,,,,,,,,,,,,,,,,,,,,,,,,
2026-04-23,699912-825097-1776899033206,699912,825097,home_run,0.049798497763289394,0,,,,,,,,,,,,,,,,,,,,,,,,,,,,,,,,,,,,,,,,,,,,,,,,,,,
2026-04-23,805367-825097-1776899032543,805367,825097,home_run,0.018976534938909242,0,,,,,,,,,,,,,,,,,,,,,,,,,,,,,,,,,,,,,,,,,,,,,,,,,,,
2026-04-23,700337-825097-1776899032386,700337,825097,home_run,0.017554221218601986,0,,,,,,,,,,,,,,,,,,,,,,,,,,,,,,,,,,,,,,,,,,,,,,,,,,,
2026-04-23,682668-825097-1776899032487,682668,825097,home_run,0.01662121121406931,0,,,,,,,,,,,,,,,,,,,,,,,,,,,,,,,,,,,,,,,,,,,,,,,,,,,
2026-04-23,518692-823231-1776908479346,518692,823231,hit,0.7749039092775516,1,1,,,,,,,,,,,,,,,,,,,,,,,,,,,,,,,,,,,,,,,,,,,,,,,,,,
2026-04-23,661388-824288-1776907844123,661388,824288,hit,0.6936709356583277,1,1,,,,,,,,,,,,,,,,,,,,,,,,,,,,,,,,,,,,,,,,,,,,,,,,,,
2026-04-23,686948-822745-1776962441741,686948,822745,hit,0.8137767758970599,1,1,,,,,,,,,,,,,,,,,,,,,,,,,,,,,,,,,,,,,,,,,,,,,,,,,,
2026-04-23,642086-822745-1776962442981,642086,822745,hit,0.8050325771548621,1,1,,,,,,,,,,,,,,,,,,,,,,,,,,,,,,,,,,,,,,,,,,,,,,,,,,
2026-04-23,671739-822745-1776962442255,671739,822745,hit,0.7861617147763625,1,1,,,,,,,,,,,,,,,,,,,,,,,,,,,,,,,,,,,,,,,,,,,,,,,,,,
2026-04-23,645277-822745-1776962441376,645277,822745,hit,0.7737015288997163,1,1,,,,,,,,,,,,,,,,,,,,,,,,,,,,,,,,,,,,,,,,,,,,,,,,,,
2026-04-23,621566-822745-1776962442670,621566,822745,hit,0.7416013672485284,1,1,,,,,,,,,,,,,,,,,,,,,,,,,,,,,,,,,,,,,,,,,,,,,,,,,,
2026-04-23,643289-822745-1776962442565,643289,822745,hit,0.7197944960850894,0,0,,,,,,,,,,,,,,,,,,,,,,,,,,,,,,,,,,,,,,,,,,,,,,,,,,
2026-04-23,660670-822745-1776962441839,660670,822745,hit,0.7109692573079023,1,1,,,,,,,,,,,,,,,,,,,,,,,,,,,,,,,,,,,,,,,,,,,,,,,,,,
2026-04-23,671277-822745-1776962442272,671277,822745,hit,0.6800464000445613,0,0,,,,,,,,,,,,,,,,,,,,,,,,,,,,,,,,,,,,,,,,,,,,,,,,,,
2026-04-23,696285-822745-1776962444082,696285,822745,hit,0.6788519588824381,0,0,,,,,,,,,,,,,,,,,,,,,,,,,,,,,,,,,,,,,,,,,,,,,,,,,,
2026-04-23,573262-822745-1776962442723,573262,822745,hit,0.6768720515406121,0,0,,,,,,,,,,,,,,,,,,,,,,,,,,,,,,,,,,,,,,,,,,,,,,,,,,
2026-04-23,663586-822745-1776962442758,663586,822745,hit,0.6755833009802695,1,1,,,,,,,,,,,,,,,,,,,,,,,,,,,,,,,,,,,,,,,,,,,,,,,,,,
2026-04-23,695734-822745-1776962444820,695734,822745,hit,0.6737336453537986,1,1,,,,,,,,,,,,,,,,,,,,,,,,,,,,,,,,,,,,,,,,,,,,,,,,,,
2026-04-23,677588-822745-1776962441843,677588,822745,hit,0.6552600423760674,0,0,,,,,,,,,,,,,,,,,,,,,,,,,,,,,,,,,,,,,,,,,,,,,,,,,,
2026-04-23,695578-822745-1776962441358,695578,822745,hit,0.6461692913603718,1,1,,,,,,,,,,,,,,,,,,,,,,,,,,,,,,,,,,,,,,,,,,,,,,,,,,
2026-04-23,682928-822745-1776962442484,682928,822745,hit,0.6202935159178262,1,1,,,,,,,,,,,,,,,,,,,,,,,,,,,,,,,,,,,,,,,,,,,,,,,,,,
2026-04-23,678391-822745-1776962441646,678391,822745,hit,0.5477721260440076,1,1,,,,,,,,,,,,,,,,,,,,,,,,,,,,,,,,,,,,,,,,,,,,,,,,,,
2026-04-23,660688-822745-1776962441528,660688,822745,hit,0.5432934062238042,0,0,,,,,,,,,,,,,,,,,,,,,,,,,,,,,,,,,,,,,,,,,,,,,,,,,,
2026-04-23,683083-822745-1776962453180,683083,822745,hit,0.498841697342756,0,0,,,,,,,,,,,,,,,,,,,,,,,,,,,,,,,,,,,,,,,,,,,,,,,,,,
2026-04-23,686948-822745-1776962484039,686948,822745,hit,0.8137767758970599,1,1,,,,,,,,,,,,,,,,,,,,,,,,,,,,,,,,,,,,,,,,,,,,,,,,,,
2026-04-23,642086-822745-1776962509375,642086,822745,hit,0.8050325771548621,1,1,,,,,,,,,,,,,,,,,,,,,,,,,,,,,,,,,,,,,,,,,,,,,,,,,,
2026-04-23,645277-822745-1776962551179,645277,822745,hit,0.7737015288997163,1,1,,,,,,,,,,,,,,,,,,,,,,,,,,,,,,,,,,,,,,,,,,,,,,,,,,
2026-04-23,671739-822745-1776962589281,671739,822745,hit,0.7861617147763625,1,1,,,,,,,,,,,,,,,,,,,,,,,,,,,,,,,,,,,,,,,,,,,,,,,,,,
2026-04-23,645277-822745-1776962648424,645277,822745,hit,0.7737015288997163,1,1,,,,,,,,,,,,,,,,,,,,,,,,,,,,,,,,,,,,,,,,,,,,,,,,,,
2026-04-23,686948-822745-1776962677092,686948,822745,hit,0.8137767758970599,1,1,,,,,,,,,,,,,,,,,,,,,,,,,,,,,,,,,,,,,,,,,,,,,,,,,,
2026-04-23,690993-824288-1776962737457,690993,824288,hit,0.8007980956964433,0,0,,,,,,,,,,,,,,,,,,,,,,,,,,,,,,,,,,,,,,,,,,,,,,,,,,
2026-04-23,805808-824288-1776962737770,805808,824288,hit,0.7949990004279176,1,1,,,,,,,,,,,,,,,,,,,,,,,,,,,,,,,,,,,,,,,,,,,,,,,,,,
2026-04-23,661388-824288-1776962737279,661388,824288,hit,0.7223819145995066,1,1,,,,,,,,,,,,,,,,,,,,,,,,,,,,,,,,,,,,,,,,,,,,,,,,,,
2026-04-23,682985-824288-1776962737589,682985,824288,hit,0.7201239367103531,1,1,,,,,,,,,,,,,,,,,,,,,,,,,,,,,,,,,,,,,,,,,,,,,,,,,,
2026-04-23,595879-824288-1776962741360,595879,824288,hit,0.7122879897827109,1,1,,,,,,,,,,,,,,,,,,,,,,,,,,,,,,,,,,,,,,,,,,,,,,,,,,
2026-04-23,650402-824288-1776962737751,650402,824288,hit,0.6894792493432478,0,0,,,,,,,,,,,,,,,,,,,,,,,,,,,,,,,,,,,,,,,,,,,,,,,,,,
2026-04-23,693307-824288-1776962737469,693307,824288,hit,0.6808298661125122,1,1,,,,,,,,,,,,,,,,,,,,,,,,,,,,,,,,,,,,,,,,,,,,,,,,,,
2026-04-23,668930-824288-1776962737708,668930,824288,hit,0.6477808611589656,0,0,,,,,,,,,,,,,,,,,,,,,,,,,,,,,,,,,,,,,,,,,,,,,,,,,,
2026-04-23,681481-824288-1776962737536,681481,824288,hit,0.641396000252516,0,0,,,,,,,,,,,,,,,,,,,,,,,,,,,,,,,,,,,,,,,,,,,,,,,,,,
2026-04-23,663604-824288-1776962737745,663604,824288,hit,0.62599255559742,1,1,,,,,,,,,,,,,,,,,,,,,,,,,,,,,,,,,,,,,,,,,,,,,,,,,,
2026-04-23,596142-824288-1776962737549,596142,824288,hit,0.6253431380571721,1,1,,,,,,,,,,,,,,,,,,,,,,,,,,,,,,,,,,,,,,,,,,,,,,,,,,
2026-04-23,672761-824288-1776962742422,672761,824288,hit,0.5944407159704312,0,0,,,,,,,,,,,,,,,,,,,,,,,,,,,,,,,,,,,,,,,,,,,,,,,,,,
2026-04-23,650859-824288-1776962739601,650859,824288,hit,0.5861454713840691,0,0,,,,,,,,,,,,,,,,,,,,,,,,,,,,,,,,,,,,,,,,,,,,,,,,,,
2026-04-23,679529-824288-1776962741328,679529,824288,hit,0.5807434796729424,1,1,,,,,,,,,,,,,,,,,,,,,,,,,,,,,,,,,,,,,,,,,,,,,,,,,,
2026-04-23,666152-824288-1776962741372,666152,824288,hit,0.570464315963422,1,1,,,,,,,,,,,,,,,,,,,,,,,,,,,,,,,,,,,,,,,,,,,,,,,,,,
2026-04-23,687401-824288-1776962737752,687401,824288,hit,0.5538142615427334,1,1,,,,,,,,,,,,,,,,,,,,,,,,,,,,,,,,,,,,,,,,,,,,,,,,,,
2026-04-23,682641-824288-1776962737643,682641,824288,hit,0.547656696527437,1,1,,,,,,,,,,,,,,,,,,,,,,,,,,,,,,,,,,,,,,,,,,,,,,,,,,
2026-04-23,663368-824288-1776962737337,663368,824288,hit,0.5116849269162382,1,1,,,,,,,,,,,,,,,,,,,,,,,,,,,,,,,,,,,,,,,,,,,,,,,,,,
2026-04-23,690993-824288-1776962748506,690993,824288,hit,0.8007980956964433,0,0,,,,,,,,,,,,,,,,,,,,,,,,,,,,,,,,,,,,,,,,,,,,,,,,,,
2026-04-23,661388-824288-1776962800516,661388,824288,hit,0.7223819145995066,1,1,,,,,,,,,,,,,,,,,,,,,,,,,,,,,,,,,,,,,,,,,,,,,,,,,,
2026-04-23,682985-824288-1776962828399,682985,824288,hit,0.7090973106603263,1,1,,,,,,,,,,,,,,,,,,,,,,,,,,,,,,,,,,,,,,,,,,,,,,,,,,
2026-04-23,663538-824689-1776962889640,663538,824689,hit,0.7538912443046387,0,0,,,,,,,,,,,,,,,,,,,,,,,,,,,,,,,,,,,,,,,,,,,,,,,,,,
2026-04-23,807713-824689-1776962888282,807713,824689,hit,0.6966805585934935,1,1,,,,,,,,,,,,,,,,,,,,,,,,,,,,,,,,,,,,,,,,,,,,,,,,,,
2026-04-23,608348-824689-1776962888296,608348,824689,hit,0.687424208291463,1,1,,,,,,,,,,,,,,,,,,,,,,,,,,,,,,,,,,,,,,,,,,,,,,,,,,
2026-04-23,608324-824689-1776962888198,608324,824689,hit,0.6850703299242094,1,1,,,,,,,,,,,,,,,,,,,,,,,,,,,,,,,,,,,,,,,,,,,,,,,,,,
2026-04-23,664023-824689-1776962888222,664023,824689,hit,0.6789124630253336,1,1,,,,,,,,,,,,,,,,,,,,,,,,,,,,,,,,,,,,,,,,,,,,,,,,,,
2026-04-23,607208-824689-1776962888342,607208,824689,hit,0.6622959908475751,0,0,,,,,,,,,,,,,,,,,,,,,,,,,,,,,,,,,,,,,,,,,,,,,,,,,,
2026-04-23,673548-824689-1776962888119,673548,824689,hit,0.6455657925454202,1,1,,,,,,,,,,,,,,,,,,,,,,,,,,,,,,,,,,,,,,,,,,,,,,,,,,
2026-04-23,694025-824689-1776962888322,694025,824689,hit,0.6448209641404097,0,0,,,,,,,,,,,,,,,,,,,,,,,,,,,,,,,,,,,,,,,,,,,,,,,,,,
2026-04-23,547180-824689-1776962888363,547180,824689,hit,0.6346276640817594,1,1,,,,,,,,,,,,,,,,,,,,,,,,,,,,,,,,,,,,,,,,,,,,,,,,,,
2026-04-23,669016-824689-1776962894990,669016,824689,hit,0.5970724988915669,1,1,,,,,,,,,,,,,,,,,,,,,,,,,,,,,,,,,,,,,,,,,,,,,,,,,,
2026-04-23,681082-824689-1776962888340,681082,824689,hit,0.5811109884095442,1,1,,,,,,,,,,,,,,,,,,,,,,,,,,,,,,,,,,,,,,,,,,,,,,,,,,
2026-04-23,656941-824689-1776962888054,656941,824689,hit,0.5710452414845562,0,0,,,,,,,,,,,,,,,,,,,,,,,,,,,,,,,,,,,,,,,,,,,,,,,,,,
2026-04-23,665804-824689-1776962887964,665804,824689,hit,0.5683544707271249,1,1,,,,,,,,,,,,,,,,,,,,,,,,,,,,,,,,,,,,,,,,,,,,,,,,,,
2026-04-23,702222-824689-1776962888101,702222,824689,hit,0.5646151131259884,0,0,,,,,,,,,,,,,,,,,,,,,,,,,,,,,,,,,,,,,,,,,,,,,,,,,,
2026-04-23,596117-824689-1776962888008,596117,824689,hit,0.5461436389310035,0,0,,,,,,,,,,,,,,,,,,,,,,,,,,,,,,,,,,,,,,,,,,,,,,,,,,
2026-04-23,683737-824689-1776962887767,683737,824689,hit,0.5377887089176394,1,1,,,,,,,,,,,,,,,,,,,,,,,,,,,,,,,,,,,,,,,,,,,,,,,,,,
2026-04-23,621020-824689-1776962888073,621020,824689,hit,0.4615433145848775,1,1,,,,,,,,,,,,,,,,,,,,,,,,,,,,,,,,,,,,,,,,,,,,,,,,,,
2026-04-23,664761-824689-1776962888108,664761,824689,hit,0.4597189868803106,1,1,,,,,,,,,,,,,,,,,,,,,,,,,,,,,,,,,,,,,,,,,,,,,,,,,,
2026-04-23,807713-824689-1776962917867,807713,824689,hit,0.6966805585934935,1,1,,,,,,,,,,,,,,,,,,,,,,,,,,,,,,,,,,,,,,,,,,,,,,,,,,
2026-04-23,656941-824689-1776963451197,656941,824689,home_run,0.42184849061473206,0,,,,,,,,,,,,,,,,,,,,,,,,,,,,,,,,,,,,,,,,,,,,,,,,,,,
2026-04-23,664023-824689-1776963451192,664023,824689,home_run,0.2936186025262816,1,,,,,,,,,,,,,,,,,,,,,,,,,,,,,,,,,,,,,,,,,,,,,,,,,,,
2026-04-23,608348-824689-1776963451191,608348,824689,home_run,0.20272923230291673,0,,,,,,,,,,,,,,,,,,,,,,,,,,,,,,,,,,,,,,,,,,,,,,,,,,,
2026-04-23,694025-824689-1776963451200,694025,824689,home_run,0.18229474506171706,0,,,,,,,,,,,,,,,,,,,,,,,,,,,,,,,,,,,,,,,,,,,,,,,,,,,
2026-04-23,673548-824689-1776963451199,673548,824689,home_run,0.15195753815109114,1,,,,,,,,,,,,,,,,,,,,,,,,,,,,,,,,,,,,,,,,,,,,,,,,,,,
2026-04-23,547180-824689-1776963451198,547180,824689,home_run,0.14914603799862836,0,,,,,,,,,,,,,,,,,,,,,,,,,,,,,,,,,,,,,,,,,,,,,,,,,,,
2026-04-23,621020-824689-1776963451194,621020,824689,home_run,0.1468621942271352,0,,,,,,,,,,,,,,,,,,,,,,,,,,,,,,,,,,,,,,,,,,,,,,,,,,,
2026-04-23,607208-824689-1776963451196,607208,824689,home_run,0.021812848439037635,0,,,,,,,,,,,,,,,,,,,,,,,,,,,,,,,,,,,,,,,,,,,,,,,,,,,
2026-04-23,669016-824689-1776963451208,669016,824689,home_run,0.020423480045982934,1,,,,,,,,,,,,,,,,,,,,,,,,,,,,,,,,,,,,,,,,,,,,,,,,,,,
2026-04-23,608324-824689-1776963451190,608324,824689,home_run,0.02004849954976262,0,,,,,,,,,,,,,,,,,,,,,,,,,,,,,,,,,,,,,,,,,,,,,,,,,,,
2026-04-23,663538-824689-1776963451190,663538,824689,home_run,0.020039743087798767,0,,,,,,,,,,,,,,,,,,,,,,,,,,,,,,,,,,,,,,,,,,,,,,,,,,,
2026-04-23,681082-824689-1776963451209,681082,824689,home_run,0.01960378264337659,0,,,,,,,,,,,,,,,,,,,,,,,,,,,,,,,,,,,,,,,,,,,,,,,,,,,
2026-04-23,664761-824689-1776963451201,664761,824689,home_run,0.018310598544456047,0,,,,,,,,,,,,,,,,,,,,,,,,,,,,,,,,,,,,,,,,,,,,,,,,,,,
2026-04-23,596117-824689-1776963451207,596117,824689,home_run,0.018207370721708083,0,,,,,,,,,,,,,,,,,,,,,,,,,,,,,,,,,,,,,,,,,,,,,,,,,,,
2026-04-23,683737-824689-1776963451209,683737,824689,home_run,0.01810025854960262,1,,,,,,,,,,,,,,,,,,,,,,,,,,,,,,,,,,,,,,,,,,,,,,,,,,,
2026-04-23,807713-824689-1776963451193,807713,824689,home_run,0.017901532142022947,0,,,,,,,,,,,,,,,,,,,,,,,,,,,,,,,,,,,,,,,,,,,,,,,,,,,
2026-04-23,702222-824689-1776963451206,702222,824689,home_run,0.017517701423019116,0,,,,,,,,,,,,,,,,,,,,,,,,,,,,,,,,,,,,,,,,,,,,,,,,,,,
2026-04-23,665804-824689-1776963451195,665804,824689,home_run,0.016139593842872446,0,,,,,,,,,,,,,,,,,,,,,,,,,,,,,,,,,,,,,,,,,,,,,,,,,,,
2026-04-23,656941-824689-1776963570560,656941,824689,home_run,0.42184849061473206,0,,,,,,,,,,,,,,,,,,,,,,,,,,,,,,,,,,,,,,,,,,,,,,,,,,,
2026-04-23,664023-824689-1776963570551,664023,824689,home_run,0.2936186025262816,1,,,,,,,,,,,,,,,,,,,,,,,,,,,,,,,,,,,,,,,,,,,,,,,,,,,
2026-04-23,608348-824689-1776963570553,608348,824689,home_run,0.20272923230291673,0,,,,,,,,,,,,,,,,,,,,,,,,,,,,,,,,,,,,,,,,,,,,,,,,,,,
2026-04-23,694025-824689-1776963570561,694025,824689,home_run,0.18229474506171706,0,,,,,,,,,,,,,,,,,,,,,,,,,,,,,,,,,,,,,,,,,,,,,,,,,,,
2026-04-23,673548-824689-1776963570567,673548,824689,home_run,0.15195753815109114,1,,,,,,,,,,,,,,,,,,,,,,,,,,,,,,,,,,,,,,,,,,,,,,,,,,,
2026-04-23,547180-824689-1776963570568,547180,824689,home_run,0.14914603799862836,0,,,,,,,,,,,,,,,,,,,,,,,,,,,,,,,,,,,,,,,,,,,,,,,,,,,
2026-04-23,621020-824689-1776963570555,621020,824689,home_run,0.1468621942271352,0,,,,,,,,,,,,,,,,,,,,,,,,,,,,,,,,,,,,,,,,,,,,,,,,,,,
2026-04-23,607208-824689-1776963570558,607208,824689,home_run,0.021812848439037635,0,,,,,,,,,,,,,,,,,,,,,,,,,,,,,,,,,,,,,,,,,,,,,,,,,,,
2026-04-23,669016-824689-1776963570564,669016,824689,home_run,0.020423480045982934,1,,,,,,,,,,,,,,,,,,,,,,,,,,,,,,,,,,,,,,,,,,,,,,,,,,,
2026-04-23,608324-824689-1776963570550,608324,824689,home_run,0.02004849954976262,0,,,,,,,,,,,,,,,,,,,,,,,,,,,,,,,,,,,,,,,,,,,,,,,,,,,
2026-04-23,663538-824689-1776963570548,663538,824689,home_run,0.020039743087798767,0,,,,,,,,,,,,,,,,,,,,,,,,,,,,,,,,,,,,,,,,,,,,,,,,,,,
2026-04-23,681082-824689-1776963570565,681082,824689,home_run,0.01960378264337659,0,,,,,,,,,,,,,,,,,,,,,,,,,,,,,,,,,,,,,,,,,,,,,,,,,,,
2026-04-23,664761-824689-1776963570570,664761,824689,home_run,0.018310598544456047,0,,,,,,,,,,,,,,,,,,,,,,,,,,,,,,,,,,,,,,,,,,,,,,,,,,,
2026-04-23,596117-824689-1776963570572,596117,824689,home_run,0.018207370721708083,0,,,,,,,,,,,,,,,,,,,,,,,,,,,,,,,,,,,,,,,,,,,,,,,,,,,
2026-04-23,683737-824689-1776963570563,683737,824689,home_run,0.01810025854960262,1,,,,,,,,,,,,,,,,,,,,,,,,,,,,,,,,,,,,,,,,,,,,,,,,,,,
2026-04-23,807713-824689-1776963570554,807713,824689,home_run,0.017901532142022947,0,,,,,,,,,,,,,,,,,,,,,,,,,,,,,,,,,,,,,,,,,,,,,,,,,,,
2026-04-23,702222-824689-1776963570571,702222,824689,home_run,0.017517701423019116,0,,,,,,,,,,,,,,,,,,,,,,,,,,,,,,,,,,,,,,,,,,,,,,,,,,,
2026-04-23,665804-824689-1776963570556,665804,824689,home_run,0.016139593842872446,0,,,,,,,,,,,,,,,,,,,,,,,,,,,,,,,,,,,,,,,,,,,,,,,,,,,
2026-04-23,666160-824368-1776962960170,666160,824368,home_run,0.39659638252057505,1,,,,,,,,,,,,,,,,,,,,,,,,,,,,,,,,,,,,,,,,,,,,,,,,,,,
2026-04-23,681198-824368-1776962960044,681198,824368,home_run,0.17422470135957346,0,,,,,,,,,,,,,,,,,,,,,,,,,,,,,,,,,,,,,,,,,,,,,,,,,,,
2026-04-23,657656-824368-1776962962619,657656,824368,home_run,0.12550186561413035,0,,,,,,,,,,,,,,,,,,,,,,,,,,,,,,,,,,,,,,,,,,,,,,,,,,,
2026-04-23,666397-824368-1776962964072,666397,824368,home_run,0.09272495986431384,0,,,,,,,,,,,,,,,,,,,,,,,,,,,,,,,,,,,,,,,,,,,,,,,,,,,
2026-04-23,687859-824368-1776962963983,687859,824368,home_run,0.08566563155313656,0,,,,,,,,,,,,,,,,,,,,,,,,,,,,,,,,,,,,,,,,,,,,,,,,,,,
2026-04-23,664954-824368-1776962959771,664954,824368,home_run,0.07917424272439877,0,,,,,,,,,,,,,,,,,,,,,,,,,,,,,,,,,,,,,,,,,,,,,,,,,,,
2026-04-23,664034-824368-1776962961824,664034,824368,home_run,0.0720717922083507,0,,,,,,,,,,,,,,,,,,,,,,,,,,,,,,,,,,,,,,,,,,,,,,,,,,,
2026-04-23,701538-824368-1776962963104,701538,824368,home_run,0.06229759085843545,0,,,,,,,,,,,,,,,,,,,,,,,,,,,,,,,,,,,,,,,,,,,,,,,,,,,
2026-04-23,664983-824368-1776962961904,664983,824368,home_run,0.058712583756633685,0,,,,,,,,,,,,,,,,,,,,,,,,,,,,,,,,,,,,,,,,,,,,,,,,,,,
2026-04-23,593428-824368-1776962962818,593428,824368,home_run,0.038176917681875366,1,,,,,,,,,,,,,,,,,,,,,,,,,,,,,,,,,,,,,,,,,,,,,,,,,,,
2026-04-23,650489-824368-1776962964063,650489,824368,home_run,0.030970335383004644,0,,,,,,,,,,,,,,,,,,,,,,,,,,,,,,,,,,,,,,,,,,,,,,,,,,,
2026-04-23,666023-824368-1776962961841,666023,824368,home_run,0.02904336305180799,0,,,,,,,,,,,,,,,,,,,,,,,,,,,,,,,,,,,,,,,,,,,,,,,,,,,
2026-04-23,609280-824368-1776962963680,609280,824368,home_run,0.019875109074797503,0,,,,,,,,,,,,,,,,,,,,,,,,,,,,,,,,,,,,,,,,,,,,,,,,,,,
2026-04-23,665487-824368-1776962963557,665487,824368,home_run,0.01958048048237937,0,,,,,,,,,,,,,,,,,,,,,,,,,,,,,,,,,,,,,,,,,,,,,,,,,,,
2026-04-23,678662-824368-1776962962432,678662,824368,home_run,0.019400307775433334,0,,,,,,,,,,,,,,,,,,,,,,,,,,,,,,,,,,,,,,,,,,,,,,,,,,,
2026-04-23,592518-824368-1776962963240,592518,824368,home_run,0.017890697907121722,0,,,,,,,,,,,,,,,,,,,,,,,,,,,,,,,,,,,,,,,,,,,,,,,,,,,
2026-04-23,630105-824368-1776962963195,630105,824368,home_run,0.016673177212134127,0,,,,,,,,,,,,,,,,,,,,,,,,,,,,,,,,,,,,,,,,,,,,,,,,,,,
2026-04-23,691720-824368-1776962959846,691720,824368,home_run,0.01569543555655617,0,,,,,,,,,,,,,,,,,,,,,,,,,,,,,,,,,,,,,,,,,,,,,,,,,,,
2026-04-23,666160-824368-1776962969300,666160,824368,hit,0.824948038838218,1,1,,,,,,,,,,,,,,,,,,,,,,,,,,,,,,,,,,,,,,,,,,,,,,,,,,
2026-04-23,687859-824368-1776962969303,687859,824368,hit,0.7932976657216302,1,1,,,,,,,,,,,,,,,,,,,,,,,,,,,,,,,,,,,,,,,,,,,,,,,,,,
2026-04-23,666397-824368-1776962969300,666397,824368,hit,0.784350801432832,1,1,,,,,,,,,,,,,,,,,,,,,,,,,,,,,,,,,,,,,,,,,,,,,,,,,,
2026-04-23,681198-824368-1776962969301,681198,824368,hit,0.7766182381474077,1,1,,,,,,,,,,,,,,,,,,,,,,,,,,,,,,,,,,,,,,,,,,,,,,,,,,
2026-04-23,650489-824368-1776962969302,650489,824368,hit,0.771794232162953,0,0,,,,,,,,,,,,,,,,,,,,,,,,,,,,,,,,,,,,,,,,,,,,,,,,,,
2026-04-23,609280-824368-1776962969310,609280,824368,hit,0.7461945224655536,1,1,,,,,,,,,,,,,,,,,,,,,,,,,,,,,,,,,,,,,,,,,,,,,,,,,,
2026-04-23,664954-824368-1776962969304,664954,824368,hit,0.7285744592001031,0,0,,,,,,,,,,,,,,,,,,,,,,,,,,,,,,,,,,,,,,,,,,,,,,,,,,
2026-04-23,593428-824368-1776962969309,593428,824368,hit,0.7228491832248374,1,1,,,,,,,,,,,,,,,,,,,,,,,,,,,,,,,,,,,,,,,,,,,,,,,,,,
2026-04-23,665487-824368-1776962969307,665487,824368,hit,0.7058825776991862,1,1,,,,,,,,,,,,,,,,,,,,,,,,,,,,,,,,,,,,,,,,,,,,,,,,,,
2026-04-23,678662-824368-1776962969303,678662,824368,hit,0.6829618041708849,0,0,,,,,,,,,,,,,,,,,,,,,,,,,,,,,,,,,,,,,,,,,,,,,,,,,,
2026-04-23,664034-824368-1776962969311,664034,824368,hit,0.6714511866300956,0,0,,,,,,,,,,,,,,,,,,,,,,,,,,,,,,,,,,,,,,,,,,,,,,,,,,
2026-04-23,657656-824368-1776962969306,657656,824368,hit,0.6629742785562287,1,1,,,,,,,,,,,,,,,,,,,,,,,,,,,,,,,,,,,,,,,,,,,,,,,,,,
2026-04-23,664983-824368-1776962969305,664983,824368,hit,0.6624494795625767,1,1,,,,,,,,,,,,,,,,,,,,,,,,,,,,,,,,,,,,,,,,,,,,,,,,,,
2026-04-23,701538-824368-1776962969308,701538,824368,hit,0.6441583349245816,0,0,,,,,,,,,,,,,,,,,,,,,,,,,,,,,,,,,,,,,,,,,,,,,,,,,,
2026-04-23,691720-824368-1776962969305,691720,824368,hit,0.6347195996695306,0,0,,,,,,,,,,,,,,,,,,,,,,,,,,,,,,,,,,,,,,,,,,,,,,,,,,
2026-04-23,592518-824368-1776962969309,592518,824368,hit,0.5420656523429436,1,1,,,,,,,,,,,,,,,,,,,,,,,,,,,,,,,,,,,,,,,,,,,,,,,,,,
2026-04-23,666023-824368-1776962969312,666023,824368,hit,0.53910303456849,0,0,,,,,,,,,,,,,,,,,,,,,,,,,,,,,,,,,,,,,,,,,,,,,,,,,,
2026-04-23,630105-824368-1776962969312,630105,824368,hit,0.4970653624016644,1,1,,,,,,,,,,,,,,,,,,,,,,,,,,,,,,,,,,,,,,,,,,,,,,,,,,
2026-04-23,687859-824368-1776963004362,687859,824368,hit,0.7932976657216302,1,1,,,,,,,,,,,,,,,,,,,,,,,,,,,,,,,,,,,,,,,,,,,,,,,,,,
2026-04-24,592450-824770-1776963627585,592450,824770,home_run,0.35054263129520447,0,,,,,,,,,,,,,,,,,,,,,,,,,,,,,,,,,,,,,,,,,,,,,,,,,,,
2026-04-24,642708-824770-1776980741223,642708,824770,hit,0.6868374769105616,1,1,,,,,,,,,,,,,,,,,,,,,,,,,,,,,,,,,,,,,,,,,,,,,,,,,,
2026-04-24,545341-824770-1776980741130,545341,824770,hit,0.6853016737998173,0,0,,,,,,,,,,,,,,,,,,,,,,,,,,,,,,,,,,,,,,,,,,,,,,,,,,
2026-04-24,592450-824770-1776980740761,592450,824770,hit,0.6786039876669262,1,1,,,,,,,,,,,,,,,,,,,,,,,,,,,,,,,,,,,,,,,,,,,,,,,,,,
2026-04-24,700250-824770-1776980741112,700250,824770,hit,0.6715654017271286,1,1,,,,,,,,,,,,,,,,,,,,,,,,,,,,,,,,,,,,,,,,,,,,,,,,,,
2026-04-24,519317-824770-1776980741195,519317,824770,hit,0.6616329840730518,0,0,,,,,,,,,,,,,,,,,,,,,,,,,,,,,,,,,,,,,,,,,,,,,,,,,,
2026-04-24,676609-824770-1776980742047,676609,824770,hit,0.6250957200101153,1,1,,,,,,,,,,,,,,,,,,,,,,,,,,,,,,,,,,,,,,,,,,,,,,,,,,
2026-04-24,677800-824770-1776980742742,677800,824770,hit,0.5456387664828344,1,1,,,,,,,,,,,,,,,,,,,,,,,,,,,,,,,,,,,,,,,,,,,,,,,,,,
2026-04-24,663757-824770-1776980741443,663757,824770,hit,0.5416232056895404,1,1,,,,,,,,,,,,,,,,,,,,,,,,,,,,,,,,,,,,,,,,,,,,,,,,,,
2026-04-24,678882-824770-1776980742831,678882,824770,hit,0.5389235265179791,0,0,,,,,,,,,,,,,,,,,,,,,,,,,,,,,,,,,,,,,,,,,,,,,,,,,,
2026-04-24,669224-824770-1776980741235,669224,824770,hit,0.5118897056155177,0,0,,,,,,,,,,,,,,,,,,,,,,,,,,,,,,,,,,,,,,,,,,,,,,,,,,
2026-04-24,575929-824770-1776980742479,575929,824770,hit,0.5010452516389388,0,0,,,,,,,,,,,,,,,,,,,,,,,,,,,,,,,,,,,,,,,,,,,,,,,,,,
2026-04-24,807799-824770-1776980742616,807799,824770,hit,0.5005932764034213,0,0,,,,,,,,,,,,,,,,,,,,,,,,,,,,,,,,,,,,,,,,,,,,,,,,,,
2026-04-24,665862-824770-1776980741192,665862,824770,hit,0.49751259612436854,1,1,,,,,,,,,,,,,,,,,,,,,,,,,,,,,,,,,,,,,,,,,,,,,,,,,,
2026-04-24,680776-824770-1776980743143,680776,824770,hit,0.4738025804053183,1,1,,,,,,,,,,,,,,,,,,,,,,,,,,,,,,,,,,,,,,,,,,,,,,,,,,
2026-04-24,691785-824770-1776980742904,691785,824770,hit,0.45741726224628065,1,1,,,,,,,,,,,,,,,,,,,,,,,,,,,,,,,,,,,,,,,,,,,,,,,,,,
2026-04-24,596115-824770-1776980742445,596115,824770,hit,0.39013490208791257,0,0,,,,,,,,,,,,,,,,,,,,,,,,,,,,,,,,,,,,,,,,,,,,,,,,,,
2026-04-24,665966-824770-1776980742883,665966,824770,hit,0.3898224483148121,1,1,,,,,,,,,,,,,,,,,,,,,,,,,,,,,,,,,,,,,,,,,,,,,,,,,,
2026-04-24,702332-824770-1776980742610,702332,824770,hit,0.3542487869386992,0,0,,,,,,,,,,,,,,,,,,,,,,,,,,,,,,,,,,,,,,,,,,,,,,,,,,
2026-04-24,621439-823639-1776980782643,621439,823639,hit,0.702685461078257,1,1,,,,,,,,,,,,,,,,,,,,,,,,,,,,,,,,,,,,,,,,,,,,,,,,,,
2026-04-24,665742-823639-1776980784051,665742,823639,hit,0.6983617908985428,0,0,,,,,,,,,,,,,,,,,,,,,,,,,,,,,,,,,,,,,,,,,,,,,,,,,,
2026-04-24,605137-823639-1776980784043,605137,823639,hit,0.6532683632066362,1,1,,,,,,,,,,,,,,,,,,,,,,,,,,,,,,,,,,,,,,,,,,,,,,,,,,
2026-04-24,663616-823639-1776980783926,663616,823639,hit,0.6240335668807555,1,1,,,,,,,,,,,,,,,,,,,,,,,,,,,,,,,,,,,,,,,,,,,,,,,,,,
2026-04-24,680777-823639-1776980784680,680777,823639,hit,0.5981549328206579,1,1,,,,,,,,,,,,,,,,,,,,,,,,,,,,,,,,,,,,,,,,,,,,,,,,,,
2026-04-24,668885-823639-1776980782933,668885,823639,hit,0.5942974767263217,1,1,,,,,,,,,,,,,,,,,,,,,,,,,,,,,,,,,,,,,,,,,,,,,,,,,,
2026-04-24,656484-823639-1776980783182,656484,823639,hit,0.5872897702807723,1,1,,,,,,,,,,,,,,,,,,,,,,,,,,,,,,,,,,,,,,,,,,,,,,,,,,
2026-04-24,665019-823639-1776980784130,665019,823639,hit,0.5857940005976167,0,0,,,,,,,,,,,,,,,,,,,,,,,,,,,,,,,,,,,,,,,,,,,,,,,,,,
2026-04-24,682626-823639-1776980783143,682626,823639,hit,0.5764337271932384,0,0,,,,,,,,,,,,,,,,,,,,,,,,,,,,,,,,,,,,,,,,,,,,,,,,,,
2026-04-24,807712-823639-1776980783290,807712,823639,hit,0.5720564894384526,0,0,,,,,,,,,,,,,,,,,,,,,,,,,,,,,,,,,,,,,,,,,,,,,,,,,,
2026-04-24,666182-823639-1776980783215,666182,823639,hit,0.5636394982358219,1,1,,,,,,,,,,,,,,,,,,,,,,,,,,,,,,,,,,,,,,,,,,,,,,,,,,
2026-04-24,686797-823639-1776980782824,686797,823639,hit,0.5561193687873394,1,1,,,,,,,,,,,,,,,,,,,,,,,,,,,,,,,,,,,,,,,,,,,,,,,,,,
2026-04-24,673357-823639-1776980783435,673357,823639,hit,0.5450779421550639,1,1,,,,,,,,,,,,,,,,,,,,,,,,,,,,,,,,,,,,,,,,,,,,,,,,,,
2026-04-24,677595-823639-1776980783604,677595,823639,hit,0.5397535995685023,0,0,,,,,,,,,,,,,,,,,,,,,,,,,,,,,,,,,,,,,,,,,,,,,,,,,,
2026-04-24,668901-823639-1776980783282,668901,823639,hit,0.5388963018681046,0,0,,,,,,,,,,,,,,,,,,,,,,,,,,,,,,,,,,,,,,,,,,,,,,,,,,
2026-04-24,683146-823639-1776980783223,683146,823639,hit,0.5347047514841903,1,1,,,,,,,,,,,,,,,,,,,,,,,,,,,,,,,,,,,,,,,,,,,,,,,,,,
2026-04-24,543760-823639-1776980783735,543760,823639,hit,0.48866840115465415,1,1,,,,,,,,,,,,,,,,,,,,,,,,,,,,,,,,,,,,,,,,,,,,,,,,,,
2026-04-24,701807-823639-1776980783528,701807,823639,hit,0.37033991387557647,1,1,,,,,,,,,,,,,,,,,,,,,,,,,,,,,,,,,,,,,,,,,,,,,,,,,,
2026-04-24,607043-822912-1776981385386,607043,822912,hit,0.7254234309393515,1,1,,,,,,,,,,,,,,,,,,,,,,,,,,,,,,,,,,,,,,,,,,,,,,,,,,
2026-04-24,673962-822912-1776981385380,673962,822912,hit,0.7182987102942092,1,1,,,,,,,,,,,,,,,,,,,,,,,,,,,,,,,,,,,,,,,,,,,,,,,,,,
2026-04-24,664040-822912-1776981385513,664040,822912,hit,0.65681481495268,0,0,,,,,,,,,,,,,,,,,,,,,,,,,,,,,,,,,,,,,,,,,,,,,,,,,,
2026-04-24,656811-822912-1776981385241,656811,822912,hit,0.6392090472635947,1,1,,,,,,,,,,,,,,,,,,,,,,,,,,,,,,,,,,,,,,,,,,,,,,,,,,
2026-04-24,592626-822912-1776981387577,592626,822912,hit,0.6382014698685342,1,1,,,,,,,,,,,,,,,,,,,,,,,,,,,,,,,,,,,,,,,,,,,,,,,,,,
2026-04-24,669394-822912-1776981385523,669394,822912,hit,0.6374674893621288,0,0,,,,,,,,,,,,,,,,,,,,,,,,,,,,,,,,,,,,,,,,,,,,,,,,,,
2026-04-24,665833-822912-1776981385886,665833,822912,hit,0.6369963081604162,1,1,,,,,,,,,,,,,,,,,,,,,,,,,,,,,,,,,,,,,,,,,,,,,,,,,,
2026-04-24,693304-822912-1776981385418,693304,822912,hit,0.6190539633522295,1,1,,,,,,,,,,,,,,,,,,,,,,,,,,,,,,,,,,,,,,,,,,,,,,,,,,
2026-04-24,643376-822912-1776981388356,643376,822912,hit,0.6037535146874007,0,0,,,,,,,,,,,,,,,,,,,,,,,,,,,,,,,,,,,,,,,,,,,,,,,,,,
2026-04-24,668804-822912-1776981385739,668804,822912,hit,0.6004184962486374,0,0,,,,,,,,,,,,,,,,,,,,,,,,,,,,,,,,,,,,,,,,,,,,,,,,,,
2026-04-24,687462-822912-1776981385675,687462,822912,hit,0.5758799873584131,0,0,,,,,,,,,,,,,,,,,,,,,,,,,,,,,,,,,,,,,,,,,,,,,,,,,,
2026-04-24,696030-822912-1776981385274,696030,822912,hit,0.566171913755704,1,1,,,,,,,,,,,,,,,,,,,,,,,,,,,,,,,,,,,,,,,,,,,,,,,,,,
2026-04-24,694497-822912-1776981385318,694497,822912,hit,0.561538066621964,1,1,,,,,,,,,,,,,,,,,,,,,,,,,,,,,,,,,,,,,,,,,,,,,,,,,,
2026-04-24,542303-822912-1776981385576,542303,822912,hit,0.5537100837428831,0,0,,,,,,,,,,,,,,,,,,,,,,,,,,,,,,,,,,,,,,,,,,,,,,,,,,
2026-04-24,608369-822912-1776981385371,608369,822912,hit,0.5443204582528621,1,1,,,,,,,,,,,,,,,,,,,,,,,,,,,,,,,,,,,,,,,,,,,,,,,,,,
2026-04-24,669701-822912-1776981385408,669701,822912,hit,0.5317670020832141,0,0,,,,,,,,,,,,,,,,,,,,,,,,,,,,,,,,,,,,,,,,,,,,,,,,,,
2026-04-24,804606-822912-1776981385763,804606,822912,hit,0.47058343199924096,0,0,,,,,,,,,,,,,,,,,,,,,,,,,,,,,,,,,,,,,,,,,,,,,,,,,,
2026-04-24,663698-822912-1776981385444,663698,822912,hit,0.45761433492580245,1,1,,,,,,,,,,,,,,,,,,,,,,,,,,,,,,,,,,,,,,,,,,,,,,,,,,
2026-04-24,656811-822912-1776981402824,656811,822912,hit,0.6392090472635947,1,1,,,,,,,,,,,,,,,,,,,,,,,,,,,,,,,,,,,,,,,,,,,,,,,,,,
2026-04-24,607043-822912-1776981441205,607043,822912,hit,0.7254234309393515,1,1,,,,,,,,,,,,,,,,,,,,,,,,,,,,,,,,,,,,,,,,,,,,,,,,,,
2026-04-24,673962-822912-1776981441208,673962,822912,hit,0.7182987102942092,1,1,,,,,,,,,,,,,,,,,,,,,,,,,,,,,,,,,,,,,,,,,,,,,,,,,,
2026-04-24,664040-822912-1776981441202,664040,822912,hit,0.65681481495268,0,0,,,,,,,,,,,,,,,,,,,,,,,,,,,,,,,,,,,,,,,,,,,,,,,,,,
2026-04-24,656811-822912-1776981441211,656811,822912,hit,0.6392090472635947,1,1,,,,,,,,,,,,,,,,,,,,,,,,,,,,,,,,,,,,,,,,,,,,,,,,,,
2026-04-24,592626-822912-1776981441206,592626,822912,hit,0.6382014698685342,1,1,,,,,,,,,,,,,,,,,,,,,,,,,,,,,,,,,,,,,,,,,,,,,,,,,,
2026-04-24,669394-822912-1776981441207,669394,822912,hit,0.6374674893621288,0,0,,,,,,,,,,,,,,,,,,,,,,,,,,,,,,,,,,,,,,,,,,,,,,,,,,
2026-04-24,665833-822912-1776981441201,665833,822912,hit,0.6369963081604162,1,1,,,,,,,,,,,,,,,,,,,,,,,,,,,,,,,,,,,,,,,,,,,,,,,,,,
2026-04-24,693304-822912-1776981441212,693304,822912,hit,0.6190539633522295,1,1,,,,,,,,,,,,,,,,,,,,,,,,,,,,,,,,,,,,,,,,,,,,,,,,,,
2026-04-24,643376-822912-1776981441213,643376,822912,hit,0.6037535146874007,0,0,,,,,,,,,,,,,,,,,,,,,,,,,,,,,,,,,,,,,,,,,,,,,,,,,,
2026-04-24,668804-822912-1776981441201,668804,822912,hit,0.6004184962486374,0,0,,,,,,,,,,,,,,,,,,,,,,,,,,,,,,,,,,,,,,,,,,,,,,,,,,
2026-04-24,687462-822912-1776981441210,687462,822912,hit,0.5758799873584131,0,0,,,,,,,,,,,,,,,,,,,,,,,,,,,,,,,,,,,,,,,,,,,,,,,,,,
2026-04-24,696030-822912-1776981441214,696030,822912,hit,0.566171913755704,1,1,,,,,,,,,,,,,,,,,,,,,,,,,,,,,,,,,,,,,,,,,,,,,,,,,,
2026-04-24,694497-822912-1776981441209,694497,822912,hit,0.561538066621964,1,1,,,,,,,,,,,,,,,,,,,,,,,,,,,,,,,,,,,,,,,,,,,,,,,,,,
2026-04-24,542303-822912-1776981441202,542303,822912,hit,0.5537100837428831,0,0,,,,,,,,,,,,,,,,,,,,,,,,,,,,,,,,,,,,,,,,,,,,,,,,,,
2026-04-24,608369-822912-1776981441207,608369,822912,hit,0.5443204582528621,1,1,,,,,,,,,,,,,,,,,,,,,,,,,,,,,,,,,,,,,,,,,,,,,,,,,,
2026-04-24,669701-822912-1776981441213,669701,822912,hit,0.5317670020832141,0,0,,,,,,,,,,,,,,,,,,,,,,,,,,,,,,,,,,,,,,,,,,,,,,,,,,
2026-04-24,804606-822912-1776981441203,804606,822912,hit,0.47058343199924096,0,0,,,,,,,,,,,,,,,,,,,,,,,,,,,,,,,,,,,,,,,,,,,,,,,,,,
2026-04-24,663698-822912-1776981441204,663698,822912,hit,0.45761433492580245,1,1,,,,,,,,,,,,,,,,,,,,,,,,,,,,,,,,,,,,,,,,,,,,,,,,,,
2026-04-24,592626-822912-1776981447097,592626,822912,hit,0.6382014698685342,1,1,,,,,,,,,,,,,,,,,,,,,,,,,,,,,,,,,,,,,,,,,,,,,,,,,,
2026-04-24,669394-822912-1776981496346,669394,822912,hit,0.6374674893621288,0,0,,,,,,,,,,,,,,,,,,,,,,,,,,,,,,,,,,,,,,,,,,,,,,,,,,
2026-04-24,642708-824770-1776981525830,642708,824770,hit,0.6868374769105616,1,1,,,,,,,,,,,,,,,,,,,,,,,,,,,,,,,,,,,,,,,,,,,,,,,,,,
2026-04-24,545341-824770-1776981525831,545341,824770,hit,0.6853016737998173,0,0,,,,,,,,,,,,,,,,,,,,,,,,,,,,,,,,,,,,,,,,,,,,,,,,,,
2026-04-24,592450-824770-1776981525836,592450,824770,hit,0.6786039876669262,1,1,,,,,,,,,,,,,,,,,,,,,,,,,,,,,,,,,,,,,,,,,,,,,,,,,,
2026-04-24,700250-824770-1776981525834,700250,824770,hit,0.6715654017271286,1,1,,,,,,,,,,,,,,,,,,,,,,,,,,,,,,,,,,,,,,,,,,,,,,,,,,
2026-04-24,519317-824770-1776981525834,519317,824770,hit,0.6616329840730518,0,0,,,,,,,,,,,,,,,,,,,,,,,,,,,,,,,,,,,,,,,,,,,,,,,,,,
2026-04-24,676609-824770-1776981525840,676609,824770,hit,0.6250957200101153,1,1,,,,,,,,,,,,,,,,,,,,,,,,,,,,,,,,,,,,,,,,,,,,,,,,,,
2026-04-24,677800-824770-1776981525771,677800,824770,hit,0.5456387664828344,1,1,,,,,,,,,,,,,,,,,,,,,,,,,,,,,,,,,,,,,,,,,,,,,,,,,,
2026-04-24,663757-824770-1776981525841,663757,824770,hit,0.5416232056895404,1,1,,,,,,,,,,,,,,,,,,,,,,,,,,,,,,,,,,,,,,,,,,,,,,,,,,
2026-04-24,678882-824770-1776981525770,678882,824770,hit,0.5389235265179791,0,0,,,,,,,,,,,,,,,,,,,,,,,,,,,,,,,,,,,,,,,,,,,,,,,,,,
2026-04-24,669224-824770-1776981525838,669224,824770,hit,0.5118897056155177,0,0,,,,,,,,,,,,,,,,,,,,,,,,,,,,,,,,,,,,,,,,,,,,,,,,,,
2026-04-24,575929-824770-1776981525764,575929,824770,hit,0.5010452516389388,0,0,,,,,,,,,,,,,,,,,,,,,,,,,,,,,,,,,,,,,,,,,,,,,,,,,,
2026-04-24,807799-824770-1776981525766,807799,824770,hit,0.5005932764034213,0,0,,,,,,,,,,,,,,,,,,,,,,,,,,,,,,,,,,,,,,,,,,,,,,,,,,
2026-04-24,665862-824770-1776981525829,665862,824770,hit,0.49751259612436854,1,1,,,,,,,,,,,,,,,,,,,,,,,,,,,,,,,,,,,,,,,,,,,,,,,,,,
2026-04-24,680776-824770-1776981525763,680776,824770,hit,0.4738025804053183,1,1,,,,,,,,,,,,,,,,,,,,,,,,,,,,,,,,,,,,,,,,,,,,,,,,,,
2026-04-24,691785-824770-1776981525773,691785,824770,hit,0.45741726224628065,1,1,,,,,,,,,,,,,,,,,,,,,,,,,,,,,,,,,,,,,,,,,,,,,,,,,,
2026-04-24,596115-824770-1776981525769,596115,824770,hit,0.39013490208791257,0,0,,,,,,,,,,,,,,,,,,,,,,,,,,,,,,,,,,,,,,,,,,,,,,,,,,
2026-04-24,665966-824770-1776981525770,665966,824770,hit,0.3898224483148121,1,1,,,,,,,,,,,,,,,,,,,,,,,,,,,,,,,,,,,,,,,,,,,,,,,,,,
2026-04-24,702332-824770-1776981525772,702332,824770,hit,0.3542487869386992,0,0,,,,,,,,,,,,,,,,,,,,,,,,,,,,,,,,,,,,,,,,,,,,,,,,,,
2026-04-24,642708-824770-1776981540823,642708,824770,hit,0.6868374769105616,1,1,,,,,,,,,,,,,,,,,,,,,,,,,,,,,,,,,,,,,,,,,,,,,,,,,,
2026-04-24,592450-824770-1776981860088,592450,824770,home_run,0.3756600695199971,0,,,,,,,,,,,,,,,,,,,,,,,,,,,,,,,,,,,,,,,,,,,,,,,,,,,
2026-04-24,700250-824770-1776981860086,700250,824770,home_run,0.3391016300022791,0,,,,,,,,,,,,,,,,,,,,,,,,,,,,,,,,,,,,,,,,,,,,,,,,,,,
2026-04-24,663757-824770-1776981860091,663757,824770,home_run,0.17565391720752177,0,,,,,,,,,,,,,,,,,,,,,,,,,,,,,,,,,,,,,,,,,,,,,,,,,,,
2026-04-24,519317-824770-1776981860089,519317,824770,home_run,0.1729093882270748,0,,,,,,,,,,,,,,,,,,,,,,,,,,,,,,,,,,,,,,,,,,,,,,,,,,,
2026-04-24,642708-824770-1776981860087,642708,824770,home_run,0.16802827238513107,0,,,,,,,,,,,,,,,,,,,,,,,,,,,,,,,,,,,,,,,,,,,,,,,,,,,
2026-04-24,680776-824770-1776981860075,680776,824770,home_run,0.02105633095302717,0,,,,,,,,,,,,,,,,,,,,,,,,,,,,,,,,,,,,,,,,,,,,,,,,,,,
2026-04-24,545341-824770-1776981860090,545341,824770,home_run,0.020173893421123967,0,,,,,,,,,,,,,,,,,,,,,,,,,,,,,,,,,,,,,,,,,,,,,,,,,,,
2026-04-24,678882-824770-1776981860077,678882,824770,home_run,0.02009797953308401,0,,,,,,,,,,,,,,,,,,,,,,,,,,,,,,,,,,,,,,,,,,,,,,,,,,,
2026-04-24,677800-824770-1776981860084,677800,824770,home_run,0.019695351110231463,0,,,,,,,,,,,,,,,,,,,,,,,,,,,,,,,,,,,,,,,,,,,,,,,,,,,
2026-04-24,596115-824770-1776981860078,596115,824770,home_run,0.019270246881956554,0,,,,,,,,,,,,,,,,,,,,,,,,,,,,,,,,,,,,,,,,,,,,,,,,,,,
2026-04-24,676609-824770-1776981860093,676609,824770,home_run,0.018757565871408977,0,,,,,,,,,,,,,,,,,,,,,,,,,,,,,,,,,,,,,,,,,,,,,,,,,,,
2026-04-24,665862-824770-1776981860092,665862,824770,home_run,0.01829363463482292,1,,,,,,,,,,,,,,,,,,,,,,,,,,,,,,,,,,,,,,,,,,,,,,,,,,,
2026-04-24,575929-824770-1776981860083,575929,824770,home_run,0.017995840699314702,0,,,,,,,,,,,,,,,,,,,,,,,,,,,,,,,,,,,,,,,,,,,,,,,,,,,
2026-04-24,665966-824770-1776981860085,665966,824770,home_run,0.017740177609431473,1,,,,,,,,,,,,,,,,,,,,,,,,,,,,,,,,,,,,,,,,,,,,,,,,,,,
2026-04-24,807799-824770-1776981860081,807799,824770,home_run,0.017630776120152958,0,,,,,,,,,,,,,,,,,,,,,,,,,,,,,,,,,,,,,,,,,,,,,,,,,,,
2026-04-24,702332-824770-1776981860080,702332,824770,home_run,0.017379232849121906,0,,,,,,,,,,,,,,,,,,,,,,,,,,,,,,,,,,,,,,,,,,,,,,,,,,,
2026-04-24,691785-824770-1776981860079,691785,824770,home_run,0.017291119817158918,0,,,,,,,,,,,,,,,,,,,,,,,,,,,,,,,,,,,,,,,,,,,,,,,,,,,
2026-04-24,669224-824770-1776981860094,669224,824770,home_run,0.015572381589886497,0,,,,,,,,,,,,,,,,,,,,,,,,,,,,,,,,,,,,,,,,,,,,,,,,,,,
2026-04-24,621439-823639-1776982766716,621439,823639,home_run,0.2633044367598153,0,,,,,,,,,,,,,,,,,,,,,,,,,,,,,,,,,,,,,,,,,,,,,,,,,,,
2026-04-24,665019-823639-1776982766718,665019,823639,home_run,0.0355015272406517,0,,,,,,,,,,,,,,,,,,,,,,,,,,,,,,,,,,,,,,,,,,,,,,,,,,,
2026-04-24,666182-823639-1776982766902,666182,823639,home_run,0.02170630840574017,0,,,,,,,,,,,,,,,,,,,,,,,,,,,,,,,,,,,,,,,,,,,,,,,,,,,
2026-04-24,665742-823639-1776982766725,665742,823639,home_run,0.02029540292485532,0,,,,,,,,,,,,,,,,,,,,,,,,,,,,,,,,,,,,,,,,,,,,,,,,,,,
2026-04-24,683146-823639-1776982766899,683146,823639,home_run,0.01975478852638457,1,,,,,,,,,,,,,,,,,,,,,,,,,,,,,,,,,,,,,,,,,,,,,,,,,,,
2026-04-24,605137-823639-1776982766721,605137,823639,home_run,0.01965696131052419,0,,,,,,,,,,,,,,,,,,,,,,,,,,,,,,,,,,,,,,,,,,,,,,,,,,,
2026-04-24,807712-823639-1776982766723,807712,823639,home_run,0.019117817883809285,0,,,,,,,,,,,,,,,,,,,,,,,,,,,,,,,,,,,,,,,,,,,,,,,,,,,
2026-04-24,668901-823639-1776982766868,668901,823639,home_run,0.019034976868839815,0,,,,,,,,,,,,,,,,,,,,,,,,,,,,,,,,,,,,,,,,,,,,,,,,,,,
2026-04-24,673357-823639-1776982766898,673357,823639,home_run,0.018892576159788232,0,,,,,,,,,,,,,,,,,,,,,,,,,,,,,,,,,,,,,,,,,,,,,,,,,,,
2026-04-24,682626-823639-1776982766896,682626,823639,home_run,0.018448714540571842,0,,,,,,,,,,,,,,,,,,,,,,,,,,,,,,,,,,,,,,,,,,,,,,,,,,,
2026-04-24,686797-823639-1776982766721,686797,823639,home_run,0.018421476395437453,0,,,,,,,,,,,,,,,,,,,,,,,,,,,,,,,,,,,,,,,,,,,,,,,,,,,
2026-04-24,677595-823639-1776982766735,677595,823639,home_run,0.01830001104679546,0,,,,,,,,,,,,,,,,,,,,,,,,,,,,,,,,,,,,,,,,,,,,,,,,,,,
2026-04-24,680777-823639-1776982766897,680777,823639,home_run,0.018168132401079506,1,,,,,,,,,,,,,,,,,,,,,,,,,,,,,,,,,,,,,,,,,,,,,,,,,,,
2026-04-24,543760-823639-1776982766893,543760,823639,home_run,0.017929162164309176,0,,,,,,,,,,,,,,,,,,,,,,,,,,,,,,,,,,,,,,,,,,,,,,,,,,,
2026-04-24,663616-823639-1776982766711,663616,823639,home_run,0.017644348169312263,0,,,,,,,,,,,,,,,,,,,,,,,,,,,,,,,,,,,,,,,,,,,,,,,,,,,
2026-04-24,701807-823639-1776982766895,701807,823639,home_run,0.01706054944559776,1,,,,,,,,,,,,,,,,,,,,,,,,,,,,,,,,,,,,,,,,,,,,,,,,,,,
2026-04-24,656484-823639-1776982766722,656484,823639,home_run,0.01701695374420853,1,,,,,,,,,,,,,,,,,,,,,,,,,,,,,,,,,,,,,,,,,,,,,,,,,,,
2026-04-24,668885-823639-1776982766722,668885,823639,home_run,0.01611505331384744,0,,,,,,,,,,,,,,,,,,,,,,,,,,,,,,,,,,,,,,,,,,,,,,,,,,,
2026-04-24,664040-822912-1776982774883,664040,822912,home_run,0.2946030067805361,0,,,,,,,,,,,,,,,,,,,,,,,,,,,,,,,,,,,,,,,,,,,,,,,,,,,
2026-04-24,608369-822912-1776982774793,608369,822912,home_run,0.25613525812289106,1,,,,,,,,,,,,,,,,,,,,,,,,,,,,,,,,,,,,,,,,,,,,,,,,,,,
2026-04-24,665833-822912-1776982774884,665833,822912,home_run,0.2539118381505524,1,,,,,,,,,,,,,,,,,,,,,,,,,,,,,,,,,,,,,,,,,,,,,,,,,,,
2026-04-24,673962-822912-1776982774793,673962,822912,home_run,0.2093677493185856,0,,,,,,,,,,,,,,,,,,,,,,,,,,,,,,,,,,,,,,,,,,,,,,,,,,,
2026-04-24,607043-822912-1776982774797,607043,822912,home_run,0.20550150834133474,0,,,,,,,,,,,,,,,,,,,,,,,,,,,,,,,,,,,,,,,,,,,,,,,,,,,
2026-04-24,656811-822912-1776982774891,656811,822912,home_run,0.15426732178693703,0,,,,,,,,,,,,,,,,,,,,,,,,,,,,,,,,,,,,,,,,,,,,,,,,,,,
2026-04-24,668804-822912-1776982774886,668804,822912,home_run,0.10225696760686065,0,,,,,,,,,,,,,,,,,,,,,,,,,,,,,,,,,,,,,,,,,,,,,,,,,,,
2026-04-24,694497-822912-1776982774886,694497,822912,home_run,0.0969728353762217,1,,,,,,,,,,,,,,,,,,,,,,,,,,,,,,,,,,,,,,,,,,,,,,,,,,,
2026-04-24,669394-822912-1776982774761,669394,822912,home_run,0.09078542871508044,0,,,,,,,,,,,,,,,,,,,,,,,,,,,,,,,,,,,,,,,,,,,,,,,,,,,
2026-04-24,663698-822912-1776982774806,663698,822912,home_run,0.0896492930754329,0,,,,,,,,,,,,,,,,,,,,,,,,,,,,,,,,,,,,,,,,,,,,,,,,,,,
2026-04-24,696030-822912-1776982774801,696030,822912,home_run,0.08636190220159445,0,,,,,,,,,,,,,,,,,,,,,,,,,,,,,,,,,,,,,,,,,,,,,,,,,,,
2026-04-24,687462-822912-1776982774879,687462,822912,home_run,0.07980148763870343,0,,,,,,,,,,,,,,,,,,,,,,,,,,,,,,,,,,,,,,,,,,,,,,,,,,,
2026-04-24,542303-822912-1776982774880,542303,822912,home_run,0.07331222416229444,0,,,,,,,,,,,,,,,,,,,,,,,,,,,,,,,,,,,,,,,,,,,,,,,,,,,
2026-04-24,592626-822912-1776982774805,592626,822912,home_run,0.07309322244278416,0,,,,,,,,,,,,,,,,,,,,,,,,,,,,,,,,,,,,,,,,,,,,,,,,,,,
2026-04-24,643376-822912-1776982774806,643376,822912,home_run,0.059957759701063984,0,,,,,,,,,,,,,,,,,,,,,,,,,,,,,,,,,,,,,,,,,,,,,,,,,,,
2026-04-24,804606-822912-1776982774892,804606,822912,home_run,0.03725796265040615,0,,,,,,,,,,,,,,,,,,,,,,,,,,,,,,,,,,,,,,,,,,,,,,,,,,,
2026-04-24,669701-822912-1776982774802,669701,822912,home_run,0.03662514607851641,0,,,,,,,,,,,,,,,,,,,,,,,,,,,,,,,,,,,,,,,,,,,,,,,,,,,
2026-04-24,693304-822912-1776982774805,693304,822912,home_run,0.022596861268124102,0,,,,,,,,,,,,,,,,,,,,,,,,,,,,,,,,,,,,,,,,,,,,,,,,,,,
2026-04-24,664040-822912-1776982914637,664040,822912,home_run,0.2946030067805361,0,,,,,,,,,,,,,,,,,,,,,,,,,,,,,,,,,,,,,,,,,,,,,,,,,,,
